ML Catalog Number,Format,Common Name,Scientific Name,Background Species,Recordist,Date,Year,Month,Day,Time,Country,Country-State-County,State,County,Locality,Latitude,Longitude,Age/Sex,Behaviors,Playback,Captive,Collected,Specimen ID,Home Archive Catalog Number,Recorder,Microphone,Accessory,Partner Institution,eBird Checklist ID,Unconfirmed,Air Temp(¯C),Water Temp(¯C),Media notes,Observation Details,Parent Species,eBird Species Code,Taxon Category,Taxonomic Sort,Recordist 2,Average Community Rating,Number of Ratings,Asset Tags,Original Image Height,Original Image Width
615706701,Photo,Red-tailed Hawk (borealis),Buteo jamaicensis borealis,,David Factor,09-02-2024,2024,2,9,1706,United States,US-OH-055,Ohio,Geauga,Troy Wetlands,41.360468,-81.142097,Adult ? 1,Flying,Unspecified,,,,,,,,,S161053640,,,,,"Two pairs circling together, one to east one to west.",Buteo jamaicensis,erthaw1,Group,8316,,0,0,,1358,2048
615705577,Photo,Red-tailed Hawk,Buteo jamaicensis,,Michael O'Neill,01-02-2024,2024,2,1,1416,United States,US-OH-041,Ohio,Delaware,McCammon Creek Park--Red Fox Trail,40.1729588,-82.9664135,,,Unspecified,,,,,,,,,S160360989,,,,,,Buteo jamaicensis,rethaw,Species,8312,,0,0,,3456,5184
615705555,Photo,Red-tailed Hawk,Buteo jamaicensis,,Michael O'Neill,01-02-2024,2024,2,1,1416,United States,US-OH-041,Ohio,Delaware,McCammon Creek Park--Red Fox Trail,40.1729588,-82.9664135,,,Unspecified,,,,,,,,,S160360989,,,,,,Buteo jamaicensis,rethaw,Species,8312,,0,0,,3456,5184
615705390,Photo,Red-tailed Hawk,Buteo jamaicensis,,Jef Blake,05-03-2024,2024,3,5,1616,United States,US-WA-071,Washington,Walla Walla,McNary NWR--Donangelo Overlook,46.197136,-118.943873,,,Unspecified,,,,,,,,,S163848810,,,,,,Buteo jamaicensis,rethaw,Species,8312,,0,0,,1603,2400
615705331,Photo,Red-tailed Hawk,Buteo jamaicensis,,Elisa Shaw,20-02-2024,2024,2,20,1500,United States,US-RI-009,Rhode Island,Washington,Trustom Pond NWR,41.372185,-71.58563,,,Unspecified,,,,,,,,,S162595008,,,,,,Buteo jamaicensis,rethaw,Species,8312,,0,0,,2400,3323
615705305,Photo,Red-tailed Hawk,Buteo jamaicensis,,David Telles,05-03-2024,2024,3,5,803,United States,US-CA-059,California,Orange,Chino Hills SP--Coal Canyon (ORA Co.),33.8669948,-117.688036,,,Unspecified,,,,,,,,,S163823544,,,,,,Buteo jamaicensis,rethaw,Species,8312,,0,0,,1536,2048
615705198,Photo,Red-tailed Hawk,Buteo jamaicensis,,Ingrid Maksander,03-03-2024,2024,3,3,1300,Canada,CA-QC-VS,Quebec,Vaudreuil-Soulanges,Chemin des Prairies,45.4674703,-74.2332698,Adult Female ? 1,"Courtship, Display, or Copulation",Unspecified,,,,,,,,,S163869977,,,,,,Buteo jamaicensis,rethaw,Species,8312,,2,1,,4640,6960
615705197,Photo,Red-tailed Hawk,Buteo jamaicensis,,Ingrid Maksander,03-03-2024,2024,3,3,1300,Canada,CA-QC-VS,Quebec,Vaudreuil-Soulanges,Chemin des Prairies,45.4674703,-74.2332698,Adult Male ? 1,"Courtship, Display, or Copulation",Unspecified,,,,,,,,,S163869977,,,,,,Buteo jamaicensis,rethaw,Species,8312,,3,1,,2000,3000
615700782,Photo,Red-tailed Hawk,Buteo jamaicensis,,Mark Chappell,05-03-2024,2024,3,5,1130,United States,US-CA-053,California,Monterey,Big Sur coast--Grimes Pt.,36.2055508,-121.7354894,,,Unspecified,,,,,,,,,S163856974,,,,,,Buteo jamaicensis,rethaw,Species,8312,,0,0,,1553,2234
615700783,Photo,Red-tailed Hawk,Buteo jamaicensis,,Mark Chappell,05-03-2024,2024,3,5,1130,United States,US-CA-053,California,Monterey,Big Sur coast--Grimes Pt.,36.2055508,-121.7354894,,,Unspecified,,,,,,,,,S163856974,,,,,,Buteo jamaicensis,rethaw,Species,8312,,0,0,,1876,2547
615700267,Photo,Red-tailed Hawk,Buteo jamaicensis,,Kathryn Alexander,05-03-2024,2024,3,5,1549,United States,US-OR-039,Oregon,Lane,K.R. Nielsen Rd.,44.0465117,-123.2499504,,,Unspecified,,,,,,,,,S163855271,,,,,,Buteo jamaicensis,rethaw,Species,8312,,0,0,,1366,2048
615700060,Photo,Red-tailed Hawk,Buteo jamaicensis,,Kisa Weeman,29-02-2024,2024,2,29,1018,United States,US-OH-169,Ohio,Wayne,Killbuck Marsh Wildlife Area--Willow Rd.,40.7054978,-81.9824696,,,Unspecified,,,,,,,,,S163262287,,,,,,Buteo jamaicensis,rethaw,Species,8312,,0,0,,2903,2431
615700061,Photo,Red-tailed Hawk,Buteo jamaicensis,,Kisa Weeman,29-02-2024,2024,2,29,1018,United States,US-OH-169,Ohio,Wayne,Killbuck Marsh Wildlife Area--Willow Rd.,40.7054978,-81.9824696,,,Unspecified,,,,,,,,,S163262287,,,,,,Buteo jamaicensis,rethaw,Species,8312,,0,0,,2869,2220
615700031,Photo,Red-tailed Hawk,Buteo jamaicensis,,Lauri Taylor,05-03-2024,2024,3,5,1256,United States,US-UT-051,Utah,Wasatch,Potters Lane & Vicinity,40.5441348,-111.4274597,,,Unspecified,,,,,,,,,S163834010,,,,,,Buteo jamaicensis,rethaw,Species,8312,,4,1,,1844,2391
615700030,Photo,Red-tailed Hawk,Buteo jamaicensis,,Lauri Taylor,05-03-2024,2024,3,5,1256,United States,US-UT-051,Utah,Wasatch,Potters Lane & Vicinity,40.5441348,-111.4274597,,,Unspecified,,,,,,,,,S163834010,,,,,,Buteo jamaicensis,rethaw,Species,8312,,5,1,,2387,2806
615698790,Photo,Red-tailed Hawk (calurus/alascensis),Buteo jamaicensis calurus/alascensis,,Paul Fenwick,05-03-2024,2024,3,5,1706,United States,US-CA-053,California,Monterey,US-CA-Carmel Valley Village-336 El Caminito Rd,36.488478,-121.721213,,,Unspecified,,,,,,,,,S163846513,,,,,,Buteo jamaicensis,wrthaw1,Group,8313,,3,1,,1572,2620
615698704,Photo,Red-tailed Hawk,Buteo jamaicensis,,David Wade,05-03-2024,2024,3,5,1606,United States,US-CO-069,Colorado,Larimer,"Salyer,  McMurry and Magpie Meander Natural Areas",40.6023459,-105.0882947,,,Unspecified,,,,,,,,,S163841281,,,,,,Buteo jamaicensis,rethaw,Species,8312,,0,0,,1279,1920
615698636,Photo,Red-tailed Hawk,Buteo jamaicensis,,Petra Clayton,04-03-2024,2024,3,4,1140,United States,US-CA-079,California,San Luis Obispo,Villa Creek Road,35.4836719,-120.9773589,Unknown ? 2,,Unspecified,,,,,,,,,S163757902,,,,,,Buteo jamaicensis,rethaw,Species,8312,,2,1,,2912,5184
615698632,Photo,Red-tailed Hawk,Buteo jamaicensis,,Petra Clayton,04-03-2024,2024,3,4,1140,United States,US-CA-079,California,San Luis Obispo,Villa Creek Road,35.4836719,-120.9773589,Unknown ? 2,,Unspecified,,,,,,,,,S163757902,,,,,,Buteo jamaicensis,rethaw,Species,8312,,2,1,,2912,5184
615698410,Video,Red-tailed Hawk (calurus/alascensis),Buteo jamaicensis calurus/alascensis,,Paul Fenwick,05-03-2024,2024,3,5,1706,United States,US-CA-053,California,Monterey,US-CA-Carmel Valley Village-336 El Caminito Rd,36.488478,-121.721213,Adult ? 1,Mechanical Sound,Not Used,,,,,Canon R5,Internal,100-500mm lens,,S163846513,,,,,,Buteo jamaicensis,wrthaw1,Group,8313,,4,1,,,
615698362,Video,Red-tailed Hawk (calurus/alascensis),Buteo jamaicensis calurus/alascensis,,Paul Fenwick,05-03-2024,2024,3,5,1706,United States,US-CA-053,California,Monterey,US-CA-Carmel Valley Village-336 El Caminito Rd,36.488478,-121.721213,Adult ? 1,Mechanical Sound,Not Used,,,,,Canon R5,Internal,100-500mm lens,,S163846513,,,,,,Buteo jamaicensis,wrthaw1,Group,8313,,3,1,,,
615698284,Photo,Red-tailed Hawk,Buteo jamaicensis,,Matt Yawney,02-03-2024,2024,3,2,812,United States,US-WA-025,Washington,Grant,Sentinel Bluffs,46.7840757,-119.9282813,,,Unspecified,,,,,,,,,S163475580,,,,,,Buteo jamaicensis,rethaw,Species,8312,,4,2,,2623,1785
615698259,Photo,Red-tailed Hawk,Buteo jamaicensis,,Erich N,24-02-2024,2024,2,24,1125,United States,US-UT-035,Utah,Salt Lake,Popperton Park,40.778149,-111.850137,,Flying,Unspecified,,,,,,,,,S162773946,,,,,,Buteo jamaicensis,rethaw,Species,8312,,2,1,,600,800
615698258,Photo,Red-tailed Hawk,Buteo jamaicensis,,Erich N,24-02-2024,2024,2,24,1125,United States,US-UT-035,Utah,Salt Lake,Popperton Park,40.778149,-111.850137,,Flying,Unspecified,,,,,,,,,S162773946,,,,,,Buteo jamaicensis,rethaw,Species,8312,,2,1,,600,800
615697773,Photo,Red-tailed Hawk,Buteo jamaicensis,,Brian Hicks,02-03-2024,2024,3,2,1632,United States,US-MI-125,Michigan,Oakland,Heritage Park (Oakland Co.),42.4769278,-83.3807194,,Flying,Unspecified,,,,,,,,,S163498056,,,,,,Buteo jamaicensis,rethaw,Species,8312,,3,2,,3200,2619
615697774,Photo,Red-tailed Hawk,Buteo jamaicensis,,Brian Hicks,02-03-2024,2024,3,2,1632,United States,US-MI-125,Michigan,Oakland,Heritage Park (Oakland Co.),42.4769278,-83.3807194,,,Unspecified,,,,,,,,,S163498056,,,,,,Buteo jamaicensis,rethaw,Species,8312,,4,2,,3200,2619
615697736,Photo,Red-tailed Hawk,Buteo jamaicensis,,Ken Finger,15-02-2024,2024,2,15,1348,United States,US-TX-181,Texas,Grayson,Hagerman NWR,33.7385706,-96.7527511,,,Unspecified,,,,,,,,,S161592293,,,,,,Buteo jamaicensis,rethaw,Species,8312,,2,1,,2003,2671
615697642,Photo,Red-tailed Hawk,Buteo jamaicensis,,Diana LaSarge and Aaron Skirvin,05-03-2024,2024,3,5,1012,United States,US-OR-059,Oregon,Umatilla,McKay Creek NWR west side road,45.5985988,-118.7969696,,,Unspecified,,,,,,,,,S163850879,,,,,,Buteo jamaicensis,rethaw,Species,8312,,2,1,,1532,2295
615697194,Photo,Red-tailed Hawk,Buteo jamaicensis,,Jack VanDyk,05-03-2024,2024,3,5,1515,Canada,CA-BC-NO,British Columbia,North Okanagan,Buchanan Road.,50.2405551,-119.2192753,,,Unspecified,,,,,,,,,S163851861,,,,,,Buteo jamaicensis,rethaw,Species,8312,,0,0,,3456,4608
615697183,Photo,Red-tailed Hawk,Buteo jamaicensis,,Jack VanDyk,05-03-2024,2024,3,5,1515,Canada,CA-BC-NO,British Columbia,North Okanagan,Buchanan Road.,50.2405551,-119.2192753,,,Unspecified,,,,,,,,,S163851861,,,,,,Buteo jamaicensis,rethaw,Species,8312,,0,0,,3456,4608
615690558,Photo,Razorbill,Alca torda,,Jan  Kool,03-03-2024,2024,3,3,1648,United States,US-VA-810,Virginia,Virginia Beach,Virginia Beach Inshore Waters--South (Rudee),36.8359986,-75.8550253,,,Unspecified,,,,,,,,,S163735777,,,,,,Alca torda,razorb,Species,6372,,0,0,,1132,1699
615683977,Photo,Razorbill,Alca torda,,John Manon,25-02-2024,2024,2,25,1015,United States,US-NJ-009,New Jersey,Cape May,Cape May Whale Watch & Research Center Pelagic--25 Feb 2024--D,38.845555,-74.6094,,,Unspecified,,,,,,,,,S163822426,,,,,expected here,Alca torda,razorb,Species,6372,,0,0,,3809,5714
615681943,Photo,Razorbill,Alca torda,,Richard Fleming,05-03-2024,2024,3,5,1400,United States,US-NY-047,New York,Kings,Plumb Beach--West,40.5830444,-73.93058,,,Unspecified,,,,,,,,,S163817105,,,,,"Just off the seawall at Lew Fidler Park in the mouth of Sheepshead Bay. Great views in the brief seconds they spent above water, although I didn't manage any stunningly close photos.",Alca torda,razorb,Species,6372,,0,0,,886,886
615681939,Photo,Razorbill,Alca torda,,Richard Fleming,05-03-2024,2024,3,5,1400,United States,US-NY-047,New York,Kings,Plumb Beach--West,40.5830444,-73.93058,,,Unspecified,,,,,,,,,S163817105,,,,,"Just off the seawall at Lew Fidler Park in the mouth of Sheepshead Bay. Great views in the brief seconds they spent above water, although I didn't manage any stunningly close photos.",Alca torda,razorb,Species,6372,,0,0,,886,886
615681916,Photo,Razorbill,Alca torda,,Richard Fleming,05-03-2024,2024,3,5,1400,United States,US-NY-047,New York,Kings,Plumb Beach--West,40.5830444,-73.93058,,,Unspecified,,,,,,,,,S163817105,,,,,"Just off the seawall at Lew Fidler Park in the mouth of Sheepshead Bay. Great views in the brief seconds they spent above water, although I didn't manage any stunningly close photos.",Alca torda,razorb,Species,6372,,0,0,,886,886
615681914,Photo,Razorbill,Alca torda,,Richard Fleming,05-03-2024,2024,3,5,1400,United States,US-NY-047,New York,Kings,Plumb Beach--West,40.5830444,-73.93058,,,Unspecified,,,,,,,,,S163817105,,,,,"Just off the seawall at Lew Fidler Park in the mouth of Sheepshead Bay. Great views in the brief seconds they spent above water, although I didn't manage any stunningly close photos.",Alca torda,razorb,Species,6372,,0,0,,886,886
615679736,Photo,Razorbill,Alca torda,,Alfonso Rodrigo,02-03-2024,2024,3,2,1043,Spain,ES-GA-LG,Galicia,Lugo,"Xove--Mor†s (Area General) praia, porto, espig¢n e canteira",43.7182464,-7.4723494,,,Unspecified,,,,,,,,,S163407282,,,,,,Alca torda,razorb,Species,6372,,0,0,,1748,2400
615670169,Photo,Razorbill,Alca torda,,Jonathan Irons,03-03-2024,2024,3,3,813,United States,US-VA-131,Virginia,Northampton,"US (36.995, -75.153)",36.9950619,-75.153374,,,Unspecified,,,,,,,,,S163696539,,,,,,Alca torda,razorb,Species,6372,,3,1,,1296,1944
615670148,Photo,Razorbill,Alca torda,,Jonathan Irons,03-03-2024,2024,3,3,1007,United States,US-VA-131,Virginia,Northampton,"US (37.086, -74.798)",37.0855069,-74.7982364,,,Unspecified,,,,,,,,,S163696541,,,,,,Alca torda,razorb,Species,6372,,3,1,,1628,2442
615670092,Photo,Razorbill,Alca torda,,Jonathan Irons,03-03-2024,2024,3,3,1318,United States,US-VA-131,Virginia,Northampton,Virginia Beach pelagic (general location),37.0025527,-74.9542236,,,Unspecified,,,,,,,,,S163696545,,,,,,Alca torda,razorb,Species,6372,,3,1,,1596,2394
615670091,Photo,Razorbill,Alca torda,,Jonathan Irons,03-03-2024,2024,3,3,1318,United States,US-VA-131,Virginia,Northampton,Virginia Beach pelagic (general location),37.0025527,-74.9542236,,,Unspecified,,,,,,,,,S163696545,,,,,,Alca torda,razorb,Species,6372,,3,1,,1359,2038
615669363,Photo,Razorbill,Alca torda,,Mick Mellor,01-08-2017,2017,8,1,0,United Kingdom,GB-SCT-ZET,Scotland,Shetland Islands,Sumburgh Head RSPB Reserve,59.8550783,-1.2741137,,,Unspecified,,,,,,,,,S163778522,,,,,,Alca torda,razorb,Species,6372,,0,0,,2664,4000
615669351,Photo,Razorbill,Alca torda,,Mick Mellor,01-08-2017,2017,8,1,0,United Kingdom,GB-SCT-ZET,Scotland,Shetland Islands,Sumburgh Head RSPB Reserve,59.8550783,-1.2741137,,,Unspecified,,,,,,,,,S163778522,,,,,,Alca torda,razorb,Species,6372,,0,0,,2664,4000
615668774,Photo,Razorbill,Alca torda,,Ann Griffin,30-06-2021,2021,6,30,715,United States,US-ME-029,Maine,Washington,Machias Seal Island,44.5017664,-67.1008222,,,Unspecified,,,,,,,,,S91047769,,,,,,Alca torda,razorb,Species,6372,,0,0,,3648,5472
615668773,Photo,Razorbill,Alca torda,,Ann Griffin,30-06-2021,2021,6,30,715,United States,US-ME-029,Maine,Washington,Machias Seal Island,44.5017664,-67.1008222,,,Unspecified,,,,,,,,,S91047769,,,,,,Alca torda,razorb,Species,6372,,0,0,,1119,896
615667553,Photo,Razorbill,Alca torda,,Michal Bou?ek,14-05-2023,2023,5,14,740,Germany,DE-SH-HEL,Schleswig-Holstein,Helgoland,Helgoland--Oberland,54.1860711,7.8774138,,,Unspecified,,,,,,,,,S163769682,,,,,,Alca torda,razorb,Species,6372,,4,1,,2320,3480
615660825,Photo,Razorbill,Alca torda,,Natalie Cavalieri,25-02-2024,2024,2,25,804,United States,US-VA-131,Virginia,Northampton,CBBT--North Chesapeake Island (#4),37.0465759,-76.0621288,,,Unspecified,,,,,,,,,S163057527,,,,,,Alca torda,razorb,Species,6372,,0,0,,834,1249
615659202,Photo,Razorbill,Alca torda,,Daniel Bailey,03-03-2024,2024,3,3,1318,United States,US-VA-131,Virginia,Northampton,Virginia Beach pelagic (general location),37.0025527,-74.9542236,,,Unspecified,,,,,,,,,S163694053,,,,,,Alca torda,razorb,Species,6372,,0,0,,2240,3360
615659201,Photo,Razorbill,Alca torda,,Daniel Bailey,03-03-2024,2024,3,3,1318,United States,US-VA-131,Virginia,Northampton,Virginia Beach pelagic (general location),37.0025527,-74.9542236,,,Unspecified,,,,,,,,,S163694053,,,,,,Alca torda,razorb,Species,6372,,0,0,,2055,3083
615655034,Photo,Razorbill,Alca torda,,terry moore,04-03-2024,2024,3,4,900,United States,US-VA-650,Virginia,Hampton,Fort Monroe,37.0039407,-76.3073874,,,Unspecified,,,,,,,,,S163751876,,,,,"large diving seabird with black head and neck, white underparts, black feet. Large wedge-shaped bill.",Alca torda,razorb,Species,6372,,0,0,,1479,2192
615655035,Photo,Razorbill,Alca torda,,terry moore,04-03-2024,2024,3,4,900,United States,US-VA-650,Virginia,Hampton,Fort Monroe,37.0039407,-76.3073874,,,Unspecified,,,,,,,,,S163751876,,,,,"large diving seabird with black head and neck, white underparts, black feet. Large wedge-shaped bill.",Alca torda,razorb,Species,6372,,0,0,,1730,2532
615650475,Photo,Razorbill,Alca torda,,Phill and Lis Henry,02-03-2024,2024,3,2,900,United States,US-VA-650,Virginia,Hampton,Outlook Beach,37.0049931,-76.3021834,,,Unspecified,,,,,,,,,S163744065,,,,,,Alca torda,razorb,Species,6372,,0,0,,674,741
615650205,Photo,Razorbill,Alca torda,,Tom†s Blanco S†iz,03-03-2024,2024,3,3,1615,Spain,ES-CB,Cantabria,,"Marismas de Santo§a, Victoria y Joyel PNat--Conserveras",43.446515,-3.462634,,,Unspecified,,,,,,,,,S163743601,,,,,,Alca torda,razorb,Species,6372,,4,1,,3072,4096
615650197,Photo,Razorbill,Alca torda,,Tom†s Blanco S†iz,03-03-2024,2024,3,3,1615,Spain,ES-CB,Cantabria,,"Marismas de Santo§a, Victoria y Joyel PNat--Conserveras",43.446515,-3.462634,,,Unspecified,,,,,,,,,S163743601,,,,,,Alca torda,razorb,Species,6372,,0,0,,3148,4096
615649959,Photo,Razorbill,Alca torda,,Bill Thompson,04-03-2024,2024,3,4,840,United States,US-RI-009,Rhode Island,Washington,Quonochontaug Beach,41.3318058,-71.7322683,,,Unspecified,,,,,,,,,S163721957,,,,,,Alca torda,razorb,Species,6372,,0,0,,1383,2025
615648072,Photo,Razorbill,Alca torda,,Arun Ragsac,03-03-2024,2024,3,3,1130,United States,US-VA-650,Virginia,Hampton,Fort Monroe,37.0039407,-76.3073874,,,Unspecified,,,,,,,,,S163737833,,,,,"Spotted from a distance and got ID later. Offshore Fort Monroe by a few hundred feet, by itself. Not skittish and didn't dive or fly off when the boat passed.",Alca torda,razorb,Species,6372,,0,0,,,
615639565,Photo,Razorbill,Alca torda,,Matt Robertson,04-03-2024,2024,3,4,1208,United States,US-VA-650,Virginia,Hampton,Fort Monroe,37.0039407,-76.3073874,,,Unspecified,,,,,,,,,S163712722,,,,,Continuing off 2nd pier. Pictures,Alca torda,razorb,Species,6372,,3.5,2,,3456,5184
615639544,Photo,Razorbill,Alca torda,,Matt Robertson,04-03-2024,2024,3,4,1208,United States,US-VA-650,Virginia,Hampton,Fort Monroe,37.0039407,-76.3073874,,,Unspecified,,,,,,,,,S163712722,,,,,Continuing off 2nd pier. Pictures,Alca torda,razorb,Species,6372,,4,1,,3456,5184
615632164,Photo,Razorbill,Alca torda,,Aaron Sun,03-03-2024,2024,3,3,1312,United States,US-MA-009,Massachusetts,Essex,Halibut Point SP,42.6910153,-70.6317011,,,Unspecified,,,,,,,,,S163645851,,,,,"On the water N of the point, spotted by Aaron. Dove frequently, but scoped and photo?d a few times!",Alca torda,razorb,Species,6372,,0,0,,721,1082
615632105,Photo,Razorbill,Alca torda,,Aaron Sun,03-03-2024,2024,3,3,826,United States,US-MA-009,Massachusetts,Essex,Atlantic Rd.--Cormorant Rocks,42.5978753,-70.6374312,,,Unspecified,,,,,,,,,S163639234,,,,,Spotted by Aaron just beyond the Black Guillemot.,Alca torda,razorb,Species,6372,,0,0,,683,1024
615622618,Photo,Common Hill Myna (Common),Gracula religiosa [religiosa Group],,Judith James,,,,,,Thailand,TH-30,Nakhon Ratchasima,,,,,,,Unspecified,,,,,,,,,,,,,,,Gracula religiosa,cohmyn1,Group,27344,,0,0,,1584,1188
615604926,Photo,Common Hill Myna (Common),Gracula religiosa [religiosa Group],,Judith James,,,,,,Thailand,TH-30,Nakhon Ratchasima,,,,,,,Unspecified,,,,,,,,,,,,,,,Gracula religiosa,cohmyn1,Group,27344,,0,0,,1484,1113
615137255,Photo,Common Hill Myna (Common),Gracula religiosa [religiosa Group],,Alain Rouge,,,,,,Thailand,TH-76,Phetchaburi,,,,,,,Unspecified,,,,,,,,,,,,,,,Gracula religiosa,cohmyn1,Group,27344,,0,0,,1421,2132
615134869,Photo,Common Hill Myna (Common),Gracula religiosa [religiosa Group],,Jaap Velden,,,,,,Thailand,TH-76,Phetchaburi,,,,,,,Unspecified,,,,,,,,,,,,,,,Gracula religiosa,cohmyn1,Group,27344,,5,2,,1736,2602
615134426,Photo,Common Hill Myna (Common),Gracula religiosa [religiosa Group],,Jaap Velden,,,,,,Thailand,TH-76,Phetchaburi,,,,,,,Unspecified,,,,,,,,,,,,,,,Gracula religiosa,cohmyn1,Group,27344,,0,0,,2187,3279
614855493,Photo,Common Hill Myna (Common),Gracula religiosa [religiosa Group],,Jaap Velden,,,,,,Thailand,TH-76,Phetchaburi,,,,,,,Unspecified,,,,,,,,,,,,,,,Gracula religiosa,cohmyn1,Group,27344,,5,2,,3082,4620
614855492,Photo,Common Hill Myna (Common),Gracula religiosa [religiosa Group],,Jaap Velden,,,,,,Thailand,TH-76,Phetchaburi,,,,,,,Unspecified,,,,,,,,,,,,,,,Gracula religiosa,cohmyn1,Group,27344,,5,2,,1569,2352
614668347,Photo,Common Hill Myna (Common),Gracula religiosa [religiosa Group],,Sam Hambly,,,,,,Thailand,TH-30,Nakhon Ratchasima,,,,,Adult ? 1,,Unspecified,,,,,,,,,,,,,,,Gracula religiosa,cohmyn1,Group,27344,,1,1,,4000,6000
612072166,Audio,Common Hill Myna (Common),Gracula religiosa [religiosa Group],Hydrornis phayrei -- Eared Pitta,Wich?yanan Limparungpatthanakij,,,,,,Thailand,TH-77,Prachuap Khiri Khan,,,,,,,Not Used,,,,,Huawei Nova 5T,,App: RecForge II,,,,,,,,Gracula religiosa,cohmyn1,Group,27344,,1,1,,,
611821333,Photo,Common Hill Myna (Common),Gracula religiosa [religiosa Group],,Akekachoke Buranaanun,,,,,,Thailand,TH-30,Nakhon Ratchasima,,,,,Adult ? 5,Flying,Unspecified,,,,,,,,,,,,,,,Gracula religiosa,cohmyn1,Group,27344,,2,1,,4640,6960
611821335,Photo,Common Hill Myna (Common),Gracula religiosa [religiosa Group],,Akekachoke Buranaanun,,,,,,Thailand,TH-30,Nakhon Ratchasima,,,,,Adult ? 5,Flying,Unspecified,,,,,,,,,,,,,,,Gracula religiosa,cohmyn1,Group,27344,,0,0,,4640,6960
611821334,Photo,Common Hill Myna (Common),Gracula religiosa [religiosa Group],,Akekachoke Buranaanun,,,,,,Thailand,TH-30,Nakhon Ratchasima,,,,,Adult ? 1,,Unspecified,,,,,,,,,,,,,,,Gracula religiosa,cohmyn1,Group,27344,,0,0,,4640,6960
611616624,Photo,Common Hill Myna (Common),Gracula religiosa [religiosa Group],,Niall D Perrins,,,,,,Malaysia,MY-12,Sabah,,,,,Adult ? 2,,Unspecified,,,,,,,,,,,,,,,Gracula religiosa,cohmyn1,Group,27344,,2,1,,1125,1688
611391832,Photo,Common Hill Myna (Common),Gracula religiosa [religiosa Group],,Allen Lyu,,,,,,Thailand,TH-76,Phetchaburi,,,,,,,Unspecified,,,,,,,,,,,,,,,Gracula religiosa,cohmyn1,Group,27344,,2,1,,1890,3076
611155236,Photo,Common Hill Myna (Common),Gracula religiosa [religiosa Group],,Daniel Winzeler,,,,,,Thailand,TH-26,Nakhon Nayok,,,,,,,Unspecified,,,,,,,,,,,,,,,Gracula religiosa,cohmyn1,Group,27344,,5,3,,604,457
611088204,Photo,Common Hill Myna (Common),Gracula religiosa [religiosa Group],Acridotheres tristis -- Common Myna,Wich?yanan Limparungpatthanakij,,,,,,Thailand,TH-76,Phetchaburi,,,,,Adult ? 1,,Unspecified,,,,,,,,,,,,,,,Gracula religiosa,cohmyn1,Group,27344,,3,1,,1365,2048
610873124,Photo,Common Hill Myna (Common),Gracula religiosa [religiosa Group],,Simon Feys,,,,,,Malaysia,MY-06,Pahang,,,,,,,Unspecified,,,,,,,,,,,,,,,Gracula religiosa,cohmyn1,Group,27344,,4,1,,1761,2642
610872095,Photo,Common Hill Myna (Common),Gracula religiosa [religiosa Group],,Simon Feys,,,,,,Malaysia,MY-06,Pahang,,,,,,,Unspecified,,,,,,,,,,,,,,,Gracula religiosa,cohmyn1,Group,27344,,3,1,,1898,2848
610711023,Photo,Common Hill Myna (Common),Gracula religiosa [religiosa Group],,Joachim Bertrands,,,,,,Malaysia,MY-12,Sabah,,,,,,,Unspecified,,,,,,,,,,,,,,,Gracula religiosa,cohmyn1,Group,27344,,0,0,,1145,1715
610290433,Photo,Common Hill Myna (Common),Gracula religiosa [religiosa Group],,Pierre Howard,02-03-2011,2011,3,2,830,United States,US-FL-086,Florida,Miami-Dade,Bill Baggs Cape Florida SP,25.6733,-80.1582,,,Unspecified,,,,,,,,,S89800844,,,,,Seen feeding in trees in the park.,Gracula religiosa,cohmyn1,Group,27344,,2,1,,1933,1170
609099553,Audio,Common Hill Myna (Common),Gracula religiosa [religiosa Group],,Dominique Verbelen,,,,,,Thailand,TH-,Thailand,,"Khao Yai NP (general, please use more precise loc.)",14.4382942,101.3721952,,Call,Not Used,,,,AVoCet7813,,,,,,,,,Sound type description: could be song. Confidence in ID: 100%. ID determined by: seen. Other notes: Recorded in Jan 1997.,,Gracula religiosa,cohmyn1,Group,27344,,0,0,,,
609070732,Audio,Common Hill Myna (Common),Gracula religiosa [religiosa Group],,Pam Rasmussen,08-05-2009,2009,5,8,0,India,IN-AS-SO,Assam,Sonitpur,Nameri Eco Camp,26.9240955,92.8277953,,Song,Unspecified,,,,AVoCet9143,,,,,S150731485,,,,"Recording time: 05:28. Elevation (m): 96. Habitat: heavily wooded compound. Weather: overcast but fairly bright, 70F, still. Sound type description: could include calls. Confidence in ID: 100%. ID determined by: seen well singing. Group size: pair. Description of behavior: moving around from tree to tree.",,Gracula religiosa,cohmyn1,Group,27344,,0,0,,,
609070731,Audio,Common Hill Myna (Common),Gracula religiosa [religiosa Group],,Pam Rasmussen,08-05-2009,2009,5,8,0,India,IN-AS-SO,Assam,Sonitpur,Nameri Eco Camp,26.9240955,92.8277953,,Song,Unspecified,,,,AVoCet9142,,,,,S150731485,,,,"Recording time: 05:11. Elevation (m): 96. Habitat: heavily wooded compound. Weather: overcast but fairly bright, 70F, still. Sound type description: could include calls. Confidence in ID: 100%. ID determined by: seen well singing.",,Gracula religiosa,cohmyn1,Group,27344,,0,0,,,
609070383,Audio,Common Hill Myna (Common),Gracula religiosa [religiosa Group],,Philippe Verbelen,10-01-1997,1997,1,10,0,Philippines,PH-PLW,Palawan,,Puerto Princesa Subterranean River National Park,10.1706568,118.9141273,,Song,Unspecified,,,,AVoCet8915,,,,,S150729538,,,,Elevation (m): 20. Habitat: lowland rainforest. Confidence in ID: 100%. ID determined by: heard only.,,Gracula religiosa,cohmyn1,Group,27344,,0,0,,,
609070382,Audio,Common Hill Myna (Common),Gracula religiosa [religiosa Group],,Philippe Verbelen,,,,,,Indonesia,ID-SM-SS,Sumatera,Sumatera Selatan,,,,,Call,Unspecified,,,,AVoCet8914,,,,,,,,,,,Gracula religiosa,cohmyn1,Group,27344,,0,0,,,
609070086,Audio,Common Hill Myna (Common),Gracula religiosa [religiosa Group],,Abidur Rahman,21-12-2009,2009,12,21,0,India,IN-AS-SO,Assam,Sonitpur,Nameri Eco Camp,26.9240955,92.8277953,,Call,Not Used,,,,AVoCet8599,,,,,S150731486,,,,"Elevation (m): 100. Habitat: Nameri eco camp,Nameri National Park . Weather: cold. Confidence in ID: 100%. ID determined by: seen well at about 20 meters distance.",,Gracula religiosa,cohmyn1,Group,27344,,0,0,,,
609067236,Audio,Common Hill Myna (Common),Gracula religiosa [religiosa Group],,Monirul Khan,06-03-2010,2010,3,6,0,Bangladesh,BD-6,Sylhet bibhag,,"Lathitila Forest, Moulvibazar",24.56,92.22,,Call,Unspecified,,,,AVoCet5861,,,,,S150729934,,,,"Elevation (m): 45. Habitat: mixed evergreen forest. Weather: moderate temperature, sunny . Sound type description: could be song. Confidence in ID: 100%. ID determined by: call familiar.",,Gracula religiosa,cohmyn1,Group,27344,,0,0,,,
609066644,Audio,Common Hill Myna (Common),Gracula religiosa [religiosa Group],,Pam Rasmussen,,,,,,Malaysia,MY-12,Sabah,,,,,,Call,Not Used,,,,AVoCet456,,,,,,,,,,,Gracula religiosa,cohmyn1,Group,27344,,0,0,,,
609065183,Audio,Common Hill Myna (Common),Gracula religiosa [religiosa Group],,Philippe Verbelen,,,,,,Indonesia,ID-SM-SB,Sumatera,Sumatera Barat,,,,,Song,Not Used,,,,AVoCet3324,,,,,,,,,,,Gracula religiosa,cohmyn1,Group,27344,,0,0,,,
609065182,Audio,Common Hill Myna (Common),Gracula religiosa [religiosa Group],,Philippe Verbelen,,,,,,Indonesia,ID-SM-SB,Sumatera,Sumatera Barat,,,,,Song,Not Used,,,,AVoCet3323,,,,,,,,,,,Gracula religiosa,cohmyn1,Group,27344,,0,0,,,
615701101,Photo,Long-eared Owl,Asio otus,,? ??,02-03-2024,2024,3,2,1430,South Korea,KR-11,Seoul-T'ukpyolshi,,?? ?? - ????????(Han River--Gangseo Wetland Eco Park),37.586476,126.819306,,,Unspecified,,,,,,,,,S163857464,,,,,??,Asio otus,loeowl,Species,9045,,0,0,,3456,4608
615701100,Photo,Long-eared Owl,Asio otus,,? ??,02-03-2024,2024,3,2,1430,South Korea,KR-11,Seoul-T'ukpyolshi,,?? ?? - ????????(Han River--Gangseo Wetland Eco Park),37.586476,126.819306,,,Unspecified,,,,,,,,,S163857464,,,,,??,Asio otus,loeowl,Species,9045,,0,0,,3456,4608
615697545,Audio,Long-eared Owl,Asio otus,,Lisa Doud,,,,,,United States,US-PA-117,Pennsylvania,Tioga,,,,,,Unspecified,,,,,,,,,,,,,,,Asio otus,loeowl,Species,9045,,0,0,,,
615697534,Audio,Long-eared Owl,Asio otus,,Lisa Doud,,,,,,United States,US-PA-117,Pennsylvania,Tioga,,,,,,Unspecified,,,,,,,,,,,,,,,Asio otus,loeowl,Species,9045,,0,0,,,
615697086,Photo,Long-eared Owl,Asio otus,,Marika Roberge,17-02-2024,2024,2,17,1100,Canada,CA-QC-QU,Quebec,QuÇbec,Domaine de Maizerets,46.8377354,-71.2104727,,,Unspecified,,,,,,,,,S161914707,,,,,,Asio otus,loeowl,Species,9045,,0,0,,4288,2848
615687152,Photo,Long-eared Owl,Asio otus,,Wayne Paes,,,,,,United Kingdom,GB-ENG-OXF,England,Oxfordshire,,,,,,Unspecified,,,,,,,,,,,,,,,Asio otus,loeowl,Species,9045,,4,1,,1851,2844
615687011,Photo,Long-eared Owl,Asio otus,,Wayne Paes,,,,,,United Kingdom,GB-ENG-OXF,England,Oxfordshire,,,,,,Unspecified,,,,,,,,,,,,,,,Asio otus,loeowl,Species,9045,,4,1,,2077,3072
615680821,Photo,Long-eared Owl,Asio otus,,David Cooper,,,,,,United Kingdom,GB-SCT-ZET,Scotland,Shetland Islands,,,,,,Unspecified,,,,,,,,,,,,,,,Asio otus,loeowl,Species,9045,,0,0,,375,500
615680820,Photo,Long-eared Owl,Asio otus,,David Cooper,,,,,,United Kingdom,GB-SCT-ZET,Scotland,Shetland Islands,,,,,,Unspecified,,,,,,,,,,,,,,,Asio otus,loeowl,Species,9045,,0,0,,375,500
615679472,Photo,Long-eared Owl,Asio otus,,Monika Czupryna,05-03-2024,2024,3,5,1304,Poland,PL-LD,L¢dzkie,,Z?ak¢w Ko?cielny Area,52.184169,19.822301,,,Unspecified,,,,,,,,,S163776371,,,,,,Asio otus,loeowl,Species,9045,,0,0,,1080,1440
615679471,Photo,Long-eared Owl,Asio otus,,Monika Czupryna,05-03-2024,2024,3,5,1304,Poland,PL-LD,L¢dzkie,,Z?ak¢w Ko?cielny Area,52.184169,19.822301,,,Unspecified,,,,,,,,,S163776371,,,,,,Asio otus,loeowl,Species,9045,,0,0,,1080,1440
615679090,Photo,Long-eared Owl,Asio otus,,êmile Brassard-Gourdeau,21-02-2024,2024,2,21,1010,Canada,CA-QC-QU,Quebec,QuÇbec,Domaine de Maizerets,46.8376522,-71.2121549,,,Unspecified,,,,,,,,,S162459148,,,,,,Asio otus,loeowl,Species,9045,,0,0,,,
615678166,Photo,Long-eared Owl,Asio otus,,Colton Veltkamp,,,,,,United States,US-OR-051,Oregon,Multnomah,,,,,,Unspecified,,,,,,,,,,,,,,,Asio otus,loeowl,Species,9045,,0,0,,2006,3009
615669409,Photo,Long-eared Owl,Asio otus,,Phillip K,01-03-2024,2024,3,1,1143,South Korea,KR-11,Seoul-T'ukpyolshi,,?? ?? - ????????(Han River--Gangseo Wetland Eco Park),37.586476,126.819306,,,Unspecified,,,,,,,,,S163311738,,,,,2??? ?? ??? ???,Asio otus,loeowl,Species,9045,,0,0,,2277,3416
615655272,Photo,Long-eared Owl,Asio otus,,Sherry Wei,02-02-2022,2022,2,2,900,Canada,CA-ON-TO,Ontario,Toronto,Tommy Thompson Park,43.6282673,-79.329167,,,Unspecified,,,,,,,,,S161147807,,,,,,Asio otus,loeowl,Species,9045,,0,0,,954,636
615646844,Audio,Long-eared Owl,Asio otus,,Andy Butler,,,,,,United Kingdom,GB-ENG-DBY,England,Derbyshire,,,,Adult Male ? 1,Song,Unspecified,,,,,,,,,,,,,,,Asio otus,loeowl,Species,9045,,5,2,,,
615646651,Audio,Long-eared Owl,Asio otus,Scolopax rusticola -- Eurasian Woodcock,Andy Butler,,,,,,United Kingdom,GB-ENG-DBY,England,Derbyshire,,,,Adult Female ? 1; Adult Male ? 1,Call,Unspecified,,,,,,,,,,,,,,,Asio otus,loeowl,Species,9045,,4,1,,,
615642069,Photo,Long-eared Owl,Asio otus,,Keith Riding,,,,,,Canada,CA-BC-GV,British Columbia,Metro Vancouver,,,,,,Unspecified,,,,,,,,,,,,,,,Asio otus,loeowl,Species,9045,,0,0,,3456,4608
615636183,Photo,Long-eared Owl,Asio otus,,Alexander Sowers,,,,,,United States,US-WA-075,Washington,Whitman,,,,,,Unspecified,,,,,,,,,,,,,,,Asio otus,loeowl,Species,9045,,3,1,,922,1253
615635652,Photo,Long-eared Owl,Asio otus,,Wenbo Li,,,,,,United States,US-IN-157,Indiana,Tippecanoe,,,,,,Unspecified,,,,,,,,,,,,,,,Asio otus,loeowl,Species,9045,,0,0,,2203,1017
615624364,Photo,Long-eared Owl,Asio otus,,Beata Prusak,03-03-2024,2024,3,3,732,Poland,PL-LD,L¢dzkie,,S?udwia River Valley,52.2021356,19.7835967,,,Unspecified,,,,,,,,,S163652280,,,,,,Asio otus,loeowl,Species,9045,,0,0,,2688,4032
615619743,Photo,Long-eared Owl,Asio otus,,Daniela Rupolo,03-03-2024,2024,3,3,1641,Canada,CA-ON-TO,Ontario,Toronto,Toronto--Downsview Park,43.7437383,-79.4830566,,,Unspecified,,,,,,,,,S163631682,,,,,Roosting in a tree by the path.,Asio otus,loeowl,Species,9045,,5,1,,4239,2827
615618219,Photo,Long-eared Owl,Asio otus,,Catherine Boisseau,,,,,,United States,US-CT-011,Connecticut,New London,,,,,,Unspecified,,,,,,,,,,,,,,,Asio otus,loeowl,Species,9045,,0,0,,3456,5184
615618046,Photo,Long-eared Owl,Asio otus,,Dave Ebbitt,,,,,,United States,US-CA-073,California,San Diego,,,,,,Unspecified,,,,,,,,,,,,,,,Asio otus,loeowl,Species,9045,,0,0,,3005,2064
615618043,Photo,Long-eared Owl,Asio otus,,Dave Ebbitt,,,,,,United States,US-CA-073,California,San Diego,,,,,,Unspecified,,,,,,,,,,,,,,,Asio otus,loeowl,Species,9045,,0,0,,2742,1706
615618039,Photo,Long-eared Owl,Asio otus,,Dave Ebbitt,,,,,,United States,US-CA-073,California,San Diego,,,,,,Unspecified,,,,,,,,,,,,,,,Asio otus,loeowl,Species,9045,,0,0,,2706,1900
615617990,Photo,Long-eared Owl,Asio otus,,henry hn,03-03-2024,2024,3,3,1150,Canada,CA-ON-TO,Ontario,Toronto,Downsview Park,43.7409754,-79.480075,,,Unspecified,,,,,,,,,S163650455,,,,,,Asio otus,loeowl,Species,9045,,0,0,,3497,2300
615613825,Photo,Long-eared Owl,Asio otus,,Benjamin Murphy,,,,,,United States,US-IL-105,Illinois,Livingston,,,,,,Unspecified,,,,,,,,,,,,,,,Asio otus,loeowl,Species,9045,,0,0,,3456,4608
615613824,Photo,Long-eared Owl,Asio otus,,Benjamin Murphy,,,,,,United States,US-IL-105,Illinois,Livingston,,,,,,Unspecified,,,,,,,,,,,,,,,Asio otus,loeowl,Species,9045,,0,0,,3456,4608
615613827,Photo,Long-eared Owl,Asio otus,,Benjamin Murphy,,,,,,United States,US-IL-105,Illinois,Livingston,,,,,,Unspecified,,,,,,,,,,,,,,,Asio otus,loeowl,Species,9045,,0,0,,3456,4608
615653288,Photo,Golden-cheeked Warbler,Setophaga chrysoparia,,John Cahill xikanel.com,28-12-2023,2023,12,28,809,Guatemala,GT-AV,Alta Verapaz,,SFF Setonq--001,15.375994,-90.34936,,,Unspecified,,,,,,,,,S157866200,,,,,Dentro. Macho full. Hembra.,Setophaga chrysoparia,gchwar,Species,33674,,5,1,,1136,1706
615652557,Photo,Golden-cheeked Warbler,Setophaga chrysoparia,,John Cahill xikanel.com,28-12-2023,2023,12,28,704,Guatemala,GT-AV,Alta Verapaz,,SFF Setonq--001,15.375994,-90.34936,,,Unspecified,,,,,,,,,S157866145,,,,,Dentro. Macho full. Hembra 1er a§o.,Setophaga chrysoparia,gchwar,Species,33674,,5,1,,2611,3923
615652560,Photo,Golden-cheeked Warbler,Setophaga chrysoparia,,John Cahill xikanel.com,28-12-2023,2023,12,28,704,Guatemala,GT-AV,Alta Verapaz,,SFF Setonq--001,15.375994,-90.34936,,,Unspecified,,,,,,,,,S157866145,,,,,Dentro. Macho full. Hembra 1er a§o.,Setophaga chrysoparia,gchwar,Species,33674,,5,1,,2151,3232
615651520,Photo,Golden-cheeked Warbler,Setophaga chrysoparia,,John Cahill xikanel.com,28-12-2023,2023,12,28,704,Guatemala,GT-AV,Alta Verapaz,,SFF Setonq--001,15.375994,-90.34936,,,Unspecified,,,,,,,,,S157866145,,,,,Dentro. Macho full. Hembra 1er a§o.,Setophaga chrysoparia,gchwar,Species,33674,,5,1,,2393,3595
615651514,Photo,Golden-cheeked Warbler,Setophaga chrysoparia,,John Cahill xikanel.com,28-12-2023,2023,12,28,704,Guatemala,GT-AV,Alta Verapaz,,SFF Setonq--001,15.375994,-90.34936,,,Unspecified,,,,,,,,,S157866145,,,,,Dentro. Macho full. Hembra 1er a§o.,Setophaga chrysoparia,gchwar,Species,33674,,5,1,,2332,3503
615650563,Photo,Golden-cheeked Warbler,Setophaga chrysoparia,,John Cahill xikanel.com,28-12-2023,2023,12,28,704,Guatemala,GT-AV,Alta Verapaz,,SFF Setonq--001,15.375994,-90.34936,,,Unspecified,,,,,,,,,S157866145,,,,,Dentro. Macho full. Hembra 1er a§o.,Setophaga chrysoparia,gchwar,Species,33674,,5,1,,2096,3149
615650562,Photo,Golden-cheeked Warbler,Setophaga chrysoparia,,John Cahill xikanel.com,28-12-2023,2023,12,28,704,Guatemala,GT-AV,Alta Verapaz,,SFF Setonq--001,15.375994,-90.34936,,,Unspecified,,,,,,,,,S157866145,,,,,Dentro. Macho full. Hembra 1er a§o.,Setophaga chrysoparia,gchwar,Species,33674,,5,1,,2041,3066
615650344,Photo,Golden-cheeked Warbler,Setophaga chrysoparia,,John Cahill xikanel.com,28-12-2023,2023,12,28,704,Guatemala,GT-AV,Alta Verapaz,,SFF Setonq--001,15.375994,-90.34936,,,Unspecified,,,,,,,,,S157866145,,,,,Dentro. Macho full. Hembra 1er a§o.,Setophaga chrysoparia,gchwar,Species,33674,,5,1,,1154,1733
615650336,Photo,Golden-cheeked Warbler,Setophaga chrysoparia,,John Cahill xikanel.com,28-12-2023,2023,12,28,704,Guatemala,GT-AV,Alta Verapaz,,SFF Setonq--001,15.375994,-90.34936,,,Unspecified,,,,,,,,,S157866145,,,,,Dentro. Macho full. Hembra 1er a§o.,Setophaga chrysoparia,gchwar,Species,33674,,5,1,,1232,1851
615650333,Photo,Golden-cheeked Warbler,Setophaga chrysoparia,,John Cahill xikanel.com,28-12-2023,2023,12,28,704,Guatemala,GT-AV,Alta Verapaz,,SFF Setonq--001,15.375994,-90.34936,,,Unspecified,,,,,,,,,S157866145,,,,,Dentro. Macho full. Hembra 1er a§o.,Setophaga chrysoparia,gchwar,Species,33674,,5,1,,1287,1934
615649968,Photo,Golden-cheeked Warbler,Setophaga chrysoparia,,John Cahill xikanel.com,28-12-2023,2023,12,28,704,Guatemala,GT-AV,Alta Verapaz,,SFF Setonq--001,15.375994,-90.34936,,,Unspecified,,,,,,,,,S157866145,,,,,Dentro. Macho full. Hembra 1er a§o.,Setophaga chrysoparia,gchwar,Species,33674,,5,1,,1204,1809
615606929,Photo,Golden-cheeked Warbler,Setophaga chrysoparia,,Carlos Barreda C†rdenas,03-03-2024,2024,3,3,805,Mexico,MX-NLE-031,Nuevo Le¢n,Linares,Rancho El Encino (Privado) Bosque pino-encino,24.7341799,-99.7404897,,,Unspecified,,,,,,,,,S163634640,,,,,,Setophaga chrysoparia,gchwar,Species,33674,,0,0,,3456,4608
615564889,Photo,Golden-cheeked Warbler,Setophaga chrysoparia,,Gabrielle S,02-03-2024,2024,3,2,1138,United States,US-TX-425,Texas,Somervell,Dinosaur Valley SP (PPW-W 055),32.2561684,-97.8172989,,,Unspecified,,,,,,,,,S163510386,,,,,In the Ashe juniper trees along the Limestone Ledge Trail. Unmistakable yellow and black face. Will add photos.,Setophaga chrysoparia,gchwar,Species,33674,,0,0,,1321,2048
615564887,Photo,Golden-cheeked Warbler,Setophaga chrysoparia,,Gabrielle S,02-03-2024,2024,3,2,1138,United States,US-TX-425,Texas,Somervell,Dinosaur Valley SP (PPW-W 055),32.2561684,-97.8172989,,,Unspecified,,,,,,,,,S163510386,,,,,In the Ashe juniper trees along the Limestone Ledge Trail. Unmistakable yellow and black face. Will add photos.,Setophaga chrysoparia,gchwar,Species,33674,,0,0,,1459,2048
615549391,Photo,Golden-cheeked Warbler,Setophaga chrysoparia,,Mark & Teri McClelland,02-03-2024,2024,3,2,808,United States,US-TX-019,Texas,Bandera,Love Creek Preserve (limited access by permission-TNC),29.7744493,-99.410525,,,Unspecified,,,,,,,,,S163453128,,,,,,Setophaga chrysoparia,gchwar,Species,33674,,4,2,,2186,2732
615549390,Photo,Golden-cheeked Warbler,Setophaga chrysoparia,,Mark & Teri McClelland,02-03-2024,2024,3,2,808,United States,US-TX-019,Texas,Bandera,Love Creek Preserve (limited access by permission-TNC),29.7744493,-99.410525,,,Unspecified,,,,,,,,,S163453128,,,,,,Setophaga chrysoparia,gchwar,Species,33674,,3.5,2,,1900,2375
615401756,Photo,Golden-cheeked Warbler,Setophaga chrysoparia,,Rick Robinson,16-04-1983,1983,4,16,0,United States,US-TX-453,Texas,Travis,Emma Long Metro Park,30.3316943,-97.8387451,,,Unspecified,,,,,,,,,S47358321,,,,,,Setophaga chrysoparia,gchwar,Species,33674,,0,0,,2400,3600
615254461,Photo,Golden-cheeked Warbler,Setophaga chrysoparia,,Jeremy Collison,20-05-2023,2023,5,20,1310,United States,US-TX-019,Texas,Bandera,Lost Maples SNA--West Trail,29.8204657,-99.5879316,,,Unspecified,,,,,,,,,S138774892,,,,,,Setophaga chrysoparia,gchwar,Species,33674,,1,1,,1454,2180
615252574,Photo,Golden-cheeked Warbler,Setophaga chrysoparia,,Jeremy Collison,19-05-2023,2023,5,19,1643,United States,US-TX-053,Texas,Burnet,Balcones Canyonlands NWR--Doeskin Ranch,30.6190048,-98.0728912,,,Unspecified,,,,,,,,,S138617027,,,,,,Setophaga chrysoparia,gchwar,Species,33674,,1,1,,937,1405
615252569,Photo,Golden-cheeked Warbler,Setophaga chrysoparia,,Jeremy Collison,19-05-2023,2023,5,19,1643,United States,US-TX-053,Texas,Burnet,Balcones Canyonlands NWR--Doeskin Ranch,30.6190048,-98.0728912,,,Unspecified,,,,,,,,,S138617027,,,,,,Setophaga chrysoparia,gchwar,Species,33674,,2,1,,880,1320
615165169,Photo,Golden-cheeked Warbler,Setophaga chrysoparia,,Warwick Board,22-04-2018,2018,4,22,945,United States,US-TX-053,Texas,Burnet,Balcones Canyonlands NWR--Doeskin Ranch,30.6190048,-98.0728912,,Carrying Food,Unspecified,,,,,,,,,S162518618,,,,,,Setophaga chrysoparia,gchwar,Species,33674,,0,0,,1915,2873
615157198,Photo,Golden-cheeked Warbler,Setophaga chrysoparia,,Crist¢bal Palacios Galdamez,12-12-2023,2023,12,12,740,Mexico,MX-CHP-029,Chiapas,Coapilla,Centro Ecotur°stico Laguna Verde,17.132937,-93.1651998,,,Unspecified,,,,,,,,,S156196324,,,,,,Setophaga chrysoparia,gchwar,Species,33674,,3,1,,4000,6000
615028444,Photo,Golden-cheeked Warbler,Setophaga chrysoparia,,Steve Stucker,29-03-2015,2015,3,29,0,United States,US-TX-265,Texas,Kerr,Kerr WMA,30.0769673,-99.5034742,,,Unspecified,,,,,,,,,S162152715,,,,,,Setophaga chrysoparia,gchwar,Species,33674,,0,0,,2169,2899
614866616,Photo,Golden-cheeked Warbler,Setophaga chrysoparia,,Edwin Miranda,01-02-2024,2024,2,1,1047,Honduras,HN-LE,Lempira,,"PN Monta§a de Celaque--Agua Tibia brecha corta fuego y sendero [Zona Amortiguamiento, 1200-1600 masl]",14.5708326,-88.6370087,,,Unspecified,,,,,,,,,S161598640,,,,,"Machos adultos, forjando juntos a baja altura en los †rboles",Setophaga chrysoparia,gchwar,Species,33674,,0,0,,1080,1440
614866617,Photo,Golden-cheeked Warbler,Setophaga chrysoparia,,Edwin Miranda,01-02-2024,2024,2,1,1047,Honduras,HN-LE,Lempira,,"PN Monta§a de Celaque--Agua Tibia brecha corta fuego y sendero [Zona Amortiguamiento, 1200-1600 masl]",14.5708326,-88.6370087,,,Unspecified,,,,,,,,,S161598640,,,,,"Machos adultos, forjando juntos a baja altura en los †rboles",Setophaga chrysoparia,gchwar,Species,33674,,0,0,,1080,1440
614866615,Photo,Golden-cheeked Warbler,Setophaga chrysoparia,,Edwin Miranda,01-02-2024,2024,2,1,1047,Honduras,HN-LE,Lempira,,"PN Monta§a de Celaque--Agua Tibia brecha corta fuego y sendero [Zona Amortiguamiento, 1200-1600 masl]",14.5708326,-88.6370087,,,Unspecified,,,,,,,,,S161598640,,,,,"Machos adultos, forjando juntos a baja altura en los †rboles",Setophaga chrysoparia,gchwar,Species,33674,,0,0,,1080,1440
614866482,Photo,Golden-cheeked Warbler,Setophaga chrysoparia,,Edwin Miranda,01-02-2024,2024,2,1,1322,Honduras,HN-LE,Lempira,,"PN Monta§a de Celaque--Agua Tibia brecha corta fuego y sendero [Zona Amortiguamiento, 1200-1600 masl]",14.5708326,-88.6370087,,,Unspecified,,,,,,,,,S161599019,,,,,"Una hembra, forrajeando siempre acompa§ada de un setophaga virens",Setophaga chrysoparia,gchwar,Species,33674,,0,0,,1080,1440
614866446,Photo,Golden-cheeked Warbler,Setophaga chrysoparia,,Edwin Miranda,01-02-2024,2024,2,1,1322,Honduras,HN-LE,Lempira,,"PN Monta§a de Celaque--Agua Tibia brecha corta fuego y sendero [Zona Amortiguamiento, 1200-1600 masl]",14.5708326,-88.6370087,,,Unspecified,,,,,,,,,S161599019,,,,,"Una hembra, forrajeando siempre acompa§ada de un setophaga virens",Setophaga chrysoparia,gchwar,Species,33674,,0,0,,1080,1440
614866362,Photo,Golden-cheeked Warbler,Setophaga chrysoparia,,Edwin Miranda,01-02-2024,2024,2,1,1322,Honduras,HN-LE,Lempira,,"PN Monta§a de Celaque--Agua Tibia brecha corta fuego y sendero [Zona Amortiguamiento, 1200-1600 masl]",14.5708326,-88.6370087,,,Unspecified,,,,,,,,,S161599019,,,,,"Una hembra, forrajeando siempre acompa§ada de un setophaga virens",Setophaga chrysoparia,gchwar,Species,33674,,0,0,,1080,1440
614811036,Photo,Golden-cheeked Warbler,Setophaga chrysoparia,,Dave Read,07-04-2014,2014,4,7,915,United States,US-TX-463,Texas,Uvalde,Garner SP (HOTW 033),29.587714,-99.7373199,,,Unspecified,,,,,,,,,S160703834,,,,,,Setophaga chrysoparia,gchwar,Species,33674,,0,0,,2621,3495
615699191,Photo,Gray Kingbird,Tyrannus dominicensis,,Robert Leonhardt,12-02-2024,2024,2,12,930,Dominican Republic,DO-11,La Altagracia,,Punta Cana Village,18.555421,-68.3693361,,,Unspecified,,,,,,,,,S163213554,,,,,,Tyrannus dominicensis,grykin,Species,17158,,0,0,,3456,4608
615699184,Photo,Gray Kingbird,Tyrannus dominicensis,,Robert Leonhardt,12-02-2024,2024,2,12,930,Dominican Republic,DO-11,La Altagracia,,Punta Cana Village,18.555421,-68.3693361,,,Unspecified,,,,,,,,,S163213554,,,,,,Tyrannus dominicensis,grykin,Species,17158,,0,0,,3456,4608
615696851,Photo,Gray Kingbird,Tyrannus dominicensis,,Michael O'Brien,26-02-2024,2024,2,26,1515,Panama,PA-1,Bocas del Toro,,Tranquilo Bay Eco Adventure Lodge,9.255821,-82.1453547,,,Unspecified,,,,,,,,,S163041828,,,,,Continuing; photos,Tyrannus dominicensis,grykin,Species,17158,,0,0,,2272,3408
615696778,Photo,Gray Kingbird,Tyrannus dominicensis,,Michael O'Brien,25-02-2024,2024,2,25,1557,Panama,PA-1,Bocas del Toro,,Tranquilo Bay Eco Adventure Lodge,9.255821,-82.1453547,,,Unspecified,,,,,,,,,S162942324,,,,,Rare; being chased by two TRKI; photos,Tyrannus dominicensis,grykin,Species,17158,,0,0,,2272,3408
615674968,Audio,Gray Kingbird,Tyrannus dominicensis,Coereba flaveola -- Bananaquit,Robert Guth,24-02-2024,2024,2,24,1036,Montserrat,MS-,Montserrat,,MS St. Peter's Woodlands Road,16.7629138,-62.2180478,Adult Male ? 1,Call; Song,Unspecified,,,,,Merlin using iPhone,,,,S163444818,,,,,Singing 1  subspecies vorax,Tyrannus dominicensis,grykin,Species,17158,,5,1,,,
615669717,Photo,Gray Kingbird,Tyrannus dominicensis,,Ronan O'Carra,02-03-2024,2024,3,2,845,Puerto Rico,PR-FJ,Fajardo,,El Conquistador Resort,18.359476,-65.629388,,,Unspecified,,,,,,,,,S163418686,,,,,,Tyrannus dominicensis,grykin,Species,17158,,3,1,,3456,4608
615669715,Photo,Gray Kingbird,Tyrannus dominicensis,,Ronan O'Carra,02-03-2024,2024,3,2,845,Puerto Rico,PR-FJ,Fajardo,,El Conquistador Resort,18.359476,-65.629388,,,Unspecified,,,,,,,,,S163418686,,,,,,Tyrannus dominicensis,grykin,Species,17158,,3,1,,3456,4608
615662688,Photo,Gray Kingbird,Tyrannus dominicensis,,Chandra Go,04-02-2024,2024,2,4,800,Saint Lucia,LC-10,Soufriäre,,Soufriere River Mouth,13.8561223,-61.0601,,,Unspecified,,,,,,,,,S163074059,,,,,,Tyrannus dominicensis,grykin,Species,17158,,0,0,,945,941
615660911,Photo,Gray Kingbird,Tyrannus dominicensis,,Chandra Go,12-02-2024,2024,2,12,930,Saint Lucia,LC-06,Gros Islet,,Pigeon Island National Park,14.0922922,-60.962534,,,Unspecified,,,,,,,,,S163074066,,,,,,Tyrannus dominicensis,grykin,Species,17158,,0,0,,936,941
615653427,Photo,Gray Kingbird,Tyrannus dominicensis,,Wenyi Zhou,04-03-2024,2024,3,4,1519,Dominican Republic,DO-11,La Altagracia,,Punta Cana Ecological Foundation,18.5160188,-68.3795926,,,Unspecified,,,,,,,,,S163725073,,,,,,Tyrannus dominicensis,grykin,Species,17158,,4,1,,3456,4608
615648366,Photo,Gray Kingbird,Tyrannus dominicensis,,Ronan O'Carra,01-03-2024,2024,3,1,816,Puerto Rico,PR-FJ,Fajardo,,El Conquistador Resort,18.359476,-65.629388,,,Unspecified,,,,,,,,,S163343436,,,,,,Tyrannus dominicensis,grykin,Species,17158,,4,1,,3456,4608
615648368,Photo,Gray Kingbird,Tyrannus dominicensis,,Ronan O'Carra,01-03-2024,2024,3,1,816,Puerto Rico,PR-FJ,Fajardo,,El Conquistador Resort,18.359476,-65.629388,,,Unspecified,,,,,,,,,S163343436,,,,,,Tyrannus dominicensis,grykin,Species,17158,,0,0,,3456,4608
615648369,Photo,Gray Kingbird,Tyrannus dominicensis,,Ronan O'Carra,01-03-2024,2024,3,1,816,Puerto Rico,PR-FJ,Fajardo,,El Conquistador Resort,18.359476,-65.629388,,,Unspecified,,,,,,,,,S163343436,,,,,,Tyrannus dominicensis,grykin,Species,17158,,0,0,,3456,4608
615648367,Photo,Gray Kingbird,Tyrannus dominicensis,,Ronan O'Carra,01-03-2024,2024,3,1,816,Puerto Rico,PR-FJ,Fajardo,,El Conquistador Resort,18.359476,-65.629388,,,Unspecified,,,,,,,,,S163343436,,,,,,Tyrannus dominicensis,grykin,Species,17158,,0,0,,3456,4608
615648365,Photo,Gray Kingbird,Tyrannus dominicensis,,Ronan O'Carra,01-03-2024,2024,3,1,816,Puerto Rico,PR-FJ,Fajardo,,El Conquistador Resort,18.359476,-65.629388,,,Unspecified,,,,,,,,,S163343436,,,,,,Tyrannus dominicensis,grykin,Species,17158,,0,0,,3456,4608
615633512,Photo,Gray Kingbird,Tyrannus dominicensis,,Sandra Keller,20-02-2024,2024,2,20,738,Puerto Rico,PR-LJ,Lajas,,Rice Tech,18.0265924,-67.0370514,,,Unspecified,,,,,,,,,S162341618,,,,,,Tyrannus dominicensis,grykin,Species,17158,,3,1,,1809,2229
615618941,Audio,Gray Kingbird,Tyrannus dominicensis,,Ricardo S†nchez Concepci¢n,03-03-2024,2024,3,3,1545,Cuba,CU-15,Artemisa,,Camarones,22.9050267,-83.1598133,,,Unspecified,,,,,,,,,S163644109,,,,,En lo alto de un †rbol vocalizando.,Tyrannus dominicensis,grykin,Species,17158,,0,0,,,
615613285,Photo,Gray Kingbird,Tyrannus dominicensis,,Greg Bodker,03-03-2024,2024,3,3,1544,Saint Kitts and Nevis,KN-K,Saint Kitts,,First VRBO,17.293322,-62.692527,,,Unspecified,,,,,,,,,S163614716,,,,,,Tyrannus dominicensis,grykin,Species,17158,,5,1,,1827,2735
615608398,Photo,Gray Kingbird,Tyrannus dominicensis,,Leslie Weichsel,04-02-2024,2024,2,4,1156,Puerto Rico,PR-LQ,Luquillo,,"PR-991, Luquillo US-Puerto Rico 18.35301, -65.72686",18.353009,-65.726857,,,Unspecified,,,,,,,,,S160617291,,,,,,Tyrannus dominicensis,grykin,Species,17158,,0,0,,1457,1908
615603212,Photo,Gray Kingbird,Tyrannus dominicensis,,Greg Bodker,03-03-2024,2024,3,3,1544,Saint Kitts and Nevis,KN-K,Saint Kitts,,First VRBO,17.293322,-62.692527,,,Unspecified,,,,,,,,,S163614716,,,,,,Tyrannus dominicensis,grykin,Species,17158,,0,0,,1826,2736
615583659,Photo,Gray Kingbird,Tyrannus dominicensis,,bob butler,30-11-2023,2023,11,30,731,Suriname,SR-PR,Para,,Airport Savanna and surrounds ,5.45268,-55.170348,Adult ? 1,,Unspecified,,,,,,,,,S155471587,,,,,Subsp. indeterminate; migrants of both subspecies may overwinter in Suriname.,Tyrannus dominicensis,grykin,Species,17158,,2,1,,1627,2165
615583262,Photo,Gray Kingbird,Tyrannus dominicensis,,Pamela Bruno,26-02-2024,2024,2,26,708,Puerto Rico,PR-TA,Toa Alta,,Hacienda Lucero,18.337496,-66.227534,,,Unspecified,,,,,,,,,S163020087,,,,,,Tyrannus dominicensis,grykin,Species,17158,,0,0,,1265,2108
615579283,Photo,Gray Kingbird,Tyrannus dominicensis,,Kent Davis,01-03-2024,2024,3,1,1229,Sint Maarten,SX-,Sint Maarten,,Little Bay Beach,18.0191809,-63.0627787,,,Unspecified,,,,,,,,,S163347482,,,,,,Tyrannus dominicensis,grykin,Species,17158,,0,0,,2573,2417
615578551,Photo,Gray Kingbird,Tyrannus dominicensis,,Jildert Hijlkema,30-11-2022,2022,11,30,1049,Colombia,CO-LAG,La Guajira,,Resguardo Perratpu?Sendero Mainshi-Rutshi,11.43491,-73.073374,,,Unspecified,,,,,,,,,S141147663,,,,,,Tyrannus dominicensis,grykin,Species,17158,,0,0,,2004,3006
615578433,Photo,Gray Kingbird,Tyrannus dominicensis,,Nicole Van Doorn,02-03-2024,2024,3,2,1024,Curaáao,CW-,Curaáao,,Muizenberg Dam,12.161526,-68.921422,,,Unspecified,,,,,,,,,S163539705,,,,,,Tyrannus dominicensis,grykin,Species,17158,,0,0,,720,960
615578387,Photo,Gray Kingbird,Tyrannus dominicensis,,Jildert Hijlkema,30-11-2022,2022,11,30,545,Colombia,CO-LAG,La Guajira,,Villa Plazoleta,11.42103,-73.042814,,,Unspecified,,,,,,,,,S141146360,,,,,,Tyrannus dominicensis,grykin,Species,17158,,0,0,,1485,2228
615578203,Photo,Gray Kingbird,Tyrannus dominicensis,,Jildert Hijlkema,29-11-2022,2022,11,29,1640,Colombia,CO-LAG,La Guajira,,La Guajira,11.276,-73.122,,,Unspecified,,,,,,,,,S141018593,,,,,,Tyrannus dominicensis,grykin,Species,17158,,0,0,,1859,2789
615563257,Photo,Gray Kingbird,Tyrannus dominicensis,,Rob Kelder,02-03-2024,2024,3,2,1530,Curaáao,CW-,Curaáao,,Muizenberg Dam,12.161526,-68.921422,,,Unspecified,,,,,,,,,S163508597,,,,,,Tyrannus dominicensis,grykin,Species,17158,,0,0,,2573,3860
615563256,Photo,Gray Kingbird,Tyrannus dominicensis,,Rob Kelder,02-03-2024,2024,3,2,1530,Curaáao,CW-,Curaáao,,Muizenberg Dam,12.161526,-68.921422,,,Unspecified,,,,,,,,,S163508597,,,,,,Tyrannus dominicensis,grykin,Species,17158,,0,0,,1916,2875
615559336,Audio,Gray Kingbird,Tyrannus dominicensis,,Robert Guth,13-02-2024,2024,2,13,552,Grenada,GD-03,Saint George,,GD Dr. Grooms Road,12.013437,-61.778451,Adult Male ? 1,Call,Unspecified,,,,,iPhone Merlin,,,,S163502339,,,,Also has Red Jungle Fowl in a farm,,Tyrannus dominicensis,grykin,Species,17158,,3,1,,,
615696575,Photo,American Bittern,Botaurus lentiginosus,,Ute Welk,05-03-2024,2024,3,5,755,United States,US-TX-157,Texas,Fort Bend,Brazos Bend SP (UTC 117),29.3735739,-95.6230259,,,Unspecified,,,,,,,,,S163832979,,,,,,Botaurus lentiginosus,amebit,Species,7335,,0,0,,1824,2736
615694094,Photo,American Bittern,Botaurus lentiginosus,,Anonymous,05-03-2024,2024,3,5,1204,United States,US-SC-053,South Carolina,Jasper,Savannah NWR--Laurel Hill Wildlife Dr,32.1655799,-81.1152447,,,Unspecified,,,,,,,,,S163842855,,,,,,Botaurus lentiginosus,amebit,Species,7335,,0,0,,1334,750
615694093,Photo,American Bittern,Botaurus lentiginosus,,Anonymous,05-03-2024,2024,3,5,1204,United States,US-SC-053,South Carolina,Jasper,Savannah NWR--Laurel Hill Wildlife Dr,32.1655799,-81.1152447,,,Unspecified,,,,,,,,,S163842855,,,,,,Botaurus lentiginosus,amebit,Species,7335,,0,0,,1334,750
615689392,Photo,American Bittern,Botaurus lentiginosus,,Linda Scrima,30-01-2024,2024,1,30,1500,United States,US-NY-071,New York,Orange,Wallkill River NWR--Liberty Marsh (NY),41.2822012,-74.5270966,,,Unspecified,,,,,,,,,S160226483,,,,,"Injured, favoring one leg.",Botaurus lentiginosus,amebit,Species,7335,,0,0,,1665,2081
615685467,Photo,American Bittern,Botaurus lentiginosus,,Keith Riding,05-03-2024,2024,3,5,1016,Canada,CA-BC-GV,British Columbia,Metro Vancouver,Reifel Bird Sanctuary,49.1,-123.185,,,Unspecified,,,,,,,,,S163831591,,,,,,Botaurus lentiginosus,amebit,Species,7335,,0,0,,3456,4608
615685468,Photo,American Bittern,Botaurus lentiginosus,,Keith Riding,05-03-2024,2024,3,5,1016,Canada,CA-BC-GV,British Columbia,Metro Vancouver,Reifel Bird Sanctuary,49.1,-123.185,,,Unspecified,,,,,,,,,S163831591,,,,,,Botaurus lentiginosus,amebit,Species,7335,,0,0,,3456,4608
615682762,Photo,American Bittern,Botaurus lentiginosus,,Andrea Szymczak,05-03-2024,2024,3,5,815,United States,US-SC-053,South Carolina,Jasper,Savannah NWR--Laurel Hill Wildlife Dr,32.1655799,-81.1152447,,,Unspecified,,,,,,,,,S163825655,,,,,,Botaurus lentiginosus,amebit,Species,7335,,0,0,,2352,3136
615682157,Photo,American Bittern,Botaurus lentiginosus,,David Williams,05-03-2024,2024,3,5,957,United States,US-SC-053,South Carolina,Jasper,Savannah NWR--Laurel Hill Wildlife Dr,32.1655799,-81.1152447,,,Unspecified,,,,,,,,,S163811202,,,,,Continuing!,Botaurus lentiginosus,amebit,Species,7335,,0,0,,4284,5712
615679592,Photo,American Bittern,Botaurus lentiginosus,,Anita Toney,04-03-2024,2024,3,4,1332,United States,US-CA-041,California,Marin,Las Gallinas Valley Sanitary District,38.0274109,-122.515583,,,Unspecified,,,,,,,,,S163746014,,,,,,Botaurus lentiginosus,amebit,Species,7335,,5,1,,2534,1901
615678365,Photo,American Bittern,Botaurus lentiginosus,,Patrick Colbert Muetterties,04-03-2024,2024,3,4,719,United States,US-RI-009,Rhode Island,Washington,Trustom Pond NWR--Mud Pond,41.372135,-71.5730658,,,Unspecified,,,,,,,,,S163668524,,,,,,Botaurus lentiginosus,amebit,Species,7335,,0,0,,1804,2706
615678366,Photo,American Bittern,Botaurus lentiginosus,,Patrick Colbert Muetterties,04-03-2024,2024,3,4,719,United States,US-RI-009,Rhode Island,Washington,Trustom Pond NWR--Mud Pond,41.372135,-71.5730658,,,Unspecified,,,,,,,,,S163668524,,,,,,Botaurus lentiginosus,amebit,Species,7335,,0,0,,1784,2679
615672986,Photo,American Bittern,Botaurus lentiginosus,,Susan Kirkbride,04-03-2024,2024,3,4,806,United States,US-CA-097,California,Sonoma,Shollenberger Park,38.2262552,-122.5976274,,,Unspecified,,,,,,,,,S163758848,,,,,,Botaurus lentiginosus,amebit,Species,7335,,0,0,,2519,2519
615669823,Photo,American Bittern,Botaurus lentiginosus,,Jonathan Irons,02-03-2024,2024,3,2,1459,United States,US-VA-001,Virginia,Accomack,Chincoteague NWR--Wildlife Loop,37.9045392,-75.3517216,,,Unspecified,,,,,,,,,S163479560,,,,,,Botaurus lentiginosus,amebit,Species,7335,,3,1,,2504,1669
615668726,Photo,American Bittern,Botaurus lentiginosus,,Christopher Veale,04-03-2024,2024,3,4,732,United States,US-RI-009,Rhode Island,Washington,Trustom Pond NWR--Mud Pond,41.372135,-71.5730658,,,Unspecified,,,,,,,,,S163673531,,,,,Southwest corner of Mud Pond,Botaurus lentiginosus,amebit,Species,7335,,0,0,,861,1233
615668727,Photo,American Bittern,Botaurus lentiginosus,,Christopher Veale,04-03-2024,2024,3,4,732,United States,US-RI-009,Rhode Island,Washington,Trustom Pond NWR--Mud Pond,41.372135,-71.5730658,,,Unspecified,,,,,,,,,S163673531,,,,,Southwest corner of Mud Pond,Botaurus lentiginosus,amebit,Species,7335,,0,0,,941,1347
615668728,Photo,American Bittern,Botaurus lentiginosus,,Christopher Veale,04-03-2024,2024,3,4,732,United States,US-RI-009,Rhode Island,Washington,Trustom Pond NWR--Mud Pond,41.372135,-71.5730658,,,Unspecified,,,,,,,,,S163673531,,,,,Southwest corner of Mud Pond,Botaurus lentiginosus,amebit,Species,7335,,0,0,,1002,668
615667054,Photo,American Bittern,Botaurus lentiginosus,,Jacob Skiles,04-03-2024,2024,3,4,1729,United States,US-FL-001,Florida,Alachua,Paynes Prairie Preserve SP--Bolen Bluff Trail,29.5587838,-82.3245401,,,Unspecified,,,,,,,,,S163747716,,,,,,Botaurus lentiginosus,amebit,Species,7335,,0,0,,1080,1620
615663182,Photo,American Bittern,Botaurus lentiginosus,,Davis Provan,04-03-2024,2024,3,4,1630,United States,US-CA-073,California,San Diego,San Elijo Lagoon--east,33.0108355,-117.2505125,,,Unspecified,,,,,,,,,S163760586,,,,,"Continuing, found by Donna Mancuso on 2/29.  This was my 4th time trying for this bird (my self-imposed rules require me to get photographic evidence to list a new bird for the year) and it is vocal and easy to locate in the knee/waist-high grass in the flooded field here: 33.011890, -117.246419 but views are nearly impossible.  The elevation of the hill on the north side of the marsh isn't enough to peek down into the grass. If it's any good, I'll add the recording I took of the call.",Botaurus lentiginosus,amebit,Species,7335,,0,0,,729,1094
615660612,Photo,American Bittern,Botaurus lentiginosus,,Cathy Carlson,04-03-2024,2024,3,4,1126,Canada,CA-BC-NA,British Columbia,Nanaimo,Nanaimo--Buttertubs Marsh,49.1709246,-123.9707676,,,Unspecified,,,,,,,,,S163757876,,,,,"Continuing bird. Medium sized overall brownish heron with a white throat, black neck streaks and brown streaks below.",Botaurus lentiginosus,amebit,Species,7335,,4,1,,3456,4608
615660599,Photo,American Bittern,Botaurus lentiginosus,,Cathy Carlson,04-03-2024,2024,3,4,1126,Canada,CA-BC-NA,British Columbia,Nanaimo,Nanaimo--Buttertubs Marsh,49.1709246,-123.9707676,,,Unspecified,,,,,,,,,S163757876,,,,,"Continuing bird. Medium sized overall brownish heron with a white throat, black neck streaks and brown streaks below.",Botaurus lentiginosus,amebit,Species,7335,,5,1,,3456,4608
615660592,Photo,American Bittern,Botaurus lentiginosus,,Cathy Carlson,04-03-2024,2024,3,4,1126,Canada,CA-BC-NA,British Columbia,Nanaimo,Nanaimo--Buttertubs Marsh,49.1709246,-123.9707676,,,Unspecified,,,,,,,,,S163757876,,,,,"Continuing bird. Medium sized overall brownish heron with a white throat, black neck streaks and brown streaks below.",Botaurus lentiginosus,amebit,Species,7335,,5,2,,3456,4608
615653525,Photo,American Bittern,Botaurus lentiginosus,,John Milauskas,04-03-2024,2024,3,4,1614,United States,US-RI-009,Rhode Island,Washington,Trustom Pond NWR--Mud Pond,41.372135,-71.5730658,,,Unspecified,,,,,,,,,S163731158,,,,,,Botaurus lentiginosus,amebit,Species,7335,,0,0,,884,750
615648401,Photo,American Bittern,Botaurus lentiginosus,,Guy Williams,04-03-2024,2024,3,4,910,United States,US-FL-021,Florida,Collier,Audubon Corkscrew Swamp Sanctuary,26.375442,-81.6040206,,,Unspecified,,,,,,,,,S163712634,,,,,,Botaurus lentiginosus,amebit,Species,7335,,0,0,,1029,1015
615646783,Photo,American Bittern,Botaurus lentiginosus,,Carlos  Pedro,04-03-2024,2024,3,4,1105,United States,US-RI-009,Rhode Island,Washington,Charlestown Breachway,41.3571,-71.6374,,,Unspecified,,,,,,,,,S163701286,,,,,,Botaurus lentiginosus,amebit,Species,7335,,0,0,,1743,2941
615645836,Photo,American Bittern,Botaurus lentiginosus,,Allison O'Connor,04-03-2024,2024,3,4,1614,United States,US-RI-009,Rhode Island,Washington,Trustom Pond NWR--Mud Pond,41.372135,-71.5730658,,,Unspecified,,,,,,,,,S163730973,,,,,,Botaurus lentiginosus,amebit,Species,7335,,0,0,,3024,4032
615642660,Photo,American Bittern,Botaurus lentiginosus,,Frank Fogarty,02-05-2012,2012,5,2,1900,United States,US-MD-033,Maryland,Prince George's,Indian Creek Marsh (Private),39.005102,-76.9093189,,,Unspecified,,,,,,,,,S10619572,,,,,,Botaurus lentiginosus,amebit,Species,7335,,0,0,,1080,1632
615641545,Photo,American Bittern,Botaurus lentiginosus,,Frank Fogarty,19-12-2014,2014,12,19,612,United States,US-FL-095,Florida,Orange,Lake Apopka North Shore--Orange County section (Please consider using more specific locations),28.6893446,-81.5995327,,,Unspecified,,,,,,,,,S20960344,,,,,,Botaurus lentiginosus,amebit,Species,7335,,0,0,,1356,2048
615640469,Photo,American Bittern,Botaurus lentiginosus,,Frank Fogarty,19-04-2016,2016,4,19,900,United States,US-CA-113,California,Yolo,Yolo Bypass Wildlife Area--Auto Tour Route,38.5483668,-121.6266346,,,Unspecified,,,,,,,,,S29061982,,,,,,Botaurus lentiginosus,amebit,Species,7335,,3,1,,1357,2048
615637865,Photo,American Bittern,Botaurus lentiginosus,,Barbara Seith,04-03-2024,2024,3,4,631,United States,US-RI-009,Rhode Island,Washington,Moonstone Beach Rd.,41.3770018,-71.5719795,,,Unspecified,,,,,,,,,S163707453,,,,,Mud Pond SW corner,Botaurus lentiginosus,amebit,Species,7335,,0,0,,1799,1205
615637856,Photo,American Bittern,Botaurus lentiginosus,,Barbara Seith,04-03-2024,2024,3,4,631,United States,US-RI-009,Rhode Island,Washington,Moonstone Beach Rd.,41.3770018,-71.5719795,,,Unspecified,,,,,,,,,S163707453,,,,,Mud Pond SW corner,Botaurus lentiginosus,amebit,Species,7335,,0,0,,881,1019
615631138,Photo,West African Pied Hornbill,Lophoceros semifasciatus,,Jose Estrada,02-07-2018,2018,7,2,1100,Ghana,GH-AA,Greater Accra,,Achimota Forest,5.6190508,-0.2069987,,,Unspecified,,,,,,,,,S46942119,,,,,,Lophoceros semifasciatus,afphor2,Species,9450,,0,0,,1350,1800
615589718,Photo,West African Pied Hornbill,Lophoceros semifasciatus,,Ben Costamagna,25-01-2024,2024,1,25,1858,Senegal,SN-ZG,Ziguinchor,,DiembÇring--Ecoparc,12.4492212,-16.7772534,,,Unspecified,,,,,,,,,S159766284,,,,,,Lophoceros semifasciatus,afphor2,Species,9450,,0,0,,1360,2040
615589719,Photo,West African Pied Hornbill,Lophoceros semifasciatus,,Ben Costamagna,25-01-2024,2024,1,25,1858,Senegal,SN-ZG,Ziguinchor,,DiembÇring--Ecoparc,12.4492212,-16.7772534,,,Unspecified,,,,,,,,,S159766284,,,,,,Lophoceros semifasciatus,afphor2,Species,9450,,0,0,,1365,2048
615497805,Photo,West African Pied Hornbill,Lophoceros semifasciatus,,Werner Suter,14-11-2011,2011,11,14,540,Ghana,GH-WP,Western,,Nsuta Forest,5.2990398,-1.6440673,,,Unspecified,,,,,,,,,S73374260,,,,,,Lophoceros semifasciatus,afphor2,Species,9450,,0,0,,1327,1327
615497733,Photo,West African Pied Hornbill,Lophoceros semifasciatus,,Werner Suter,14-11-2011,2011,11,14,540,Ghana,GH-WP,Western,,Nsuta Forest,5.2990398,-1.6440673,,,Unspecified,,,,,,,,,S73374260,,,,,,Lophoceros semifasciatus,afphor2,Species,9450,,0,0,,2256,2256
615263807,Photo,West African Pied Hornbill,Lophoceros semifasciatus,,Peter Kavouras,03-02-2024,2024,2,3,1606,Ghana,GH-CP,Central,,Kakum National Park,5.3500604,-1.3819599,,,Unspecified,,,,,,,,,S160527852,,,,,,Lophoceros semifasciatus,afphor2,Species,9450,,0,0,,2794,3916
615262641,Photo,West African Pied Hornbill,Lophoceros semifasciatus,,Peter Kavouras,03-02-2024,2024,2,3,1139,Ghana,GH-CP,Central,,"Ebekawopa (Abrafo)--""stingless bee center"" forest patch",5.34425,-1.37552,,,Unspecified,,,,,,,,,S160485450,,,,,,Lophoceros semifasciatus,afphor2,Species,9450,,0,0,,3156,4499
615260402,Photo,West African Pied Hornbill,Lophoceros semifasciatus,,Peter Kavouras,03-02-2024,2024,2,3,607,Ghana,GH-CP,Central,,Kakum National Park,5.3500604,-1.3819599,,,Unspecified,,,,,,,,,S160478281,,,,,,Lophoceros semifasciatus,afphor2,Species,9450,,0,0,,1941,2494
615260401,Photo,West African Pied Hornbill,Lophoceros semifasciatus,,Peter Kavouras,03-02-2024,2024,2,3,607,Ghana,GH-CP,Central,,Kakum National Park,5.3500604,-1.3819599,,,Unspecified,,,,,,,,,S160478281,,,,,,Lophoceros semifasciatus,afphor2,Species,9450,,0,0,,2437,3595
615260400,Photo,West African Pied Hornbill,Lophoceros semifasciatus,,Peter Kavouras,03-02-2024,2024,2,3,607,Ghana,GH-CP,Central,,Kakum National Park,5.3500604,-1.3819599,,,Unspecified,,,,,,,,,S160478281,,,,,,Lophoceros semifasciatus,afphor2,Species,9450,,0,0,,1958,2109
615060533,Photo,West African Pied Hornbill,Lophoceros semifasciatus,,Annette Teng,19-02-2024,2024,2,19,619,Ghana,GH-CP,Central,,Kakum NP--Canopy,5.3543164,-1.3835876,,,Unspecified,,,,,,,,,S162271506,,,,,,Lophoceros semifasciatus,afphor2,Species,9450,,0,0,,2405,1888
615005547,Photo,West African Pied Hornbill,Lophoceros semifasciatus,,Sheryl Gracewski,18-02-2024,2024,2,18,1523,Ghana,GH-CP,Central,,"Abrafo Forest Reserve, Central Region, GH",5.3511683,-1.395475,,,Unspecified,,,,,,,,,S162084581,,,,,,Lophoceros semifasciatus,afphor2,Species,9450,,0,0,,929,1159
614736719,Photo,West African Pied Hornbill,Lophoceros semifasciatus,,Vivek Menon,02-02-2024,2024,2,2,929,Guinea,GN-M,"Mamou, Gouvernorat de",,"Section IV forest patch  9.93645, -12.11701",9.936448,-12.117005,,,Unspecified,,,,,,,,,S160400196,,,,,Common here. Photographed . Black and white. Yellow bill black tipped,Lophoceros semifasciatus,afphor2,Species,9450,,3,1,,2403,2183
614736718,Photo,West African Pied Hornbill,Lophoceros semifasciatus,,Vivek Menon,02-02-2024,2024,2,2,929,Guinea,GN-M,"Mamou, Gouvernorat de",,"Section IV forest patch  9.93645, -12.11701",9.936448,-12.117005,,,Unspecified,,,,,,,,,S160400196,,,,,Common here. Photographed . Black and white. Yellow bill black tipped,Lophoceros semifasciatus,afphor2,Species,9450,,0,0,,2185,3388
614736717,Photo,West African Pied Hornbill,Lophoceros semifasciatus,,Vivek Menon,02-02-2024,2024,2,2,929,Guinea,GN-M,"Mamou, Gouvernorat de",,"Section IV forest patch  9.93645, -12.11701",9.936448,-12.117005,,,Unspecified,,,,,,,,,S160400196,,,,,Common here. Photographed . Black and white. Yellow bill black tipped,Lophoceros semifasciatus,afphor2,Species,9450,,0,0,,2445,3316
614736716,Photo,West African Pied Hornbill,Lophoceros semifasciatus,,Vivek Menon,02-02-2024,2024,2,2,929,Guinea,GN-M,"Mamou, Gouvernorat de",,"Section IV forest patch  9.93645, -12.11701",9.936448,-12.117005,,,Unspecified,,,,,,,,,S160400196,,,,,Common here. Photographed . Black and white. Yellow bill black tipped,Lophoceros semifasciatus,afphor2,Species,9450,,0,0,,2313,3630
614736715,Photo,West African Pied Hornbill,Lophoceros semifasciatus,,Vivek Menon,02-02-2024,2024,2,2,929,Guinea,GN-M,"Mamou, Gouvernorat de",,"Section IV forest patch  9.93645, -12.11701",9.936448,-12.117005,,,Unspecified,,,,,,,,,S160400196,,,,,Common here. Photographed . Black and white. Yellow bill black tipped,Lophoceros semifasciatus,afphor2,Species,9450,,0,0,,1969,2354
614681701,Photo,West African Pied Hornbill,Lophoceros semifasciatus,,Gavin Ailes,11-02-2024,2024,2,11,700,Ghana,GH-AA,Greater Accra,,"Legon Botanical Gardens, Accra",5.666077,-0.1880082,,,Unspecified,,,,,,,,,S161190090,,,,,,Lophoceros semifasciatus,afphor2,Species,9450,,0,0,,1811,2415
614681700,Photo,West African Pied Hornbill,Lophoceros semifasciatus,,Gavin Ailes,11-02-2024,2024,2,11,700,Ghana,GH-AA,Greater Accra,,"Legon Botanical Gardens, Accra",5.666077,-0.1880082,,,Unspecified,,,,,,,,,S161190090,,,,,,Lophoceros semifasciatus,afphor2,Species,9450,,0,0,,1487,1983
614681699,Photo,West African Pied Hornbill,Lophoceros semifasciatus,,Gavin Ailes,11-02-2024,2024,2,11,700,Ghana,GH-AA,Greater Accra,,"Legon Botanical Gardens, Accra",5.666077,-0.1880082,,,Unspecified,,,,,,,,,S161190090,,,,,,Lophoceros semifasciatus,afphor2,Species,9450,,0,0,,1211,1615
614681698,Photo,West African Pied Hornbill,Lophoceros semifasciatus,,Gavin Ailes,11-02-2024,2024,2,11,700,Ghana,GH-AA,Greater Accra,,"Legon Botanical Gardens, Accra",5.666077,-0.1880082,,,Unspecified,,,,,,,,,S161190090,,,,,,Lophoceros semifasciatus,afphor2,Species,9450,,0,0,,1065,1420
614667679,Photo,West African Pied Hornbill,Lophoceros semifasciatus,,Todd A. Watkins,13-05-2009,2009,5,13,0,Ghana,GH-CP,Central,,Kakum National Park,5.390642,-1.359673,,,Unspecified,,,,,,,,,S9397324,,,,,/WR/p,Lophoceros semifasciatus,afphor2,Species,9450,,2,1,,461,637
613725466,Photo,West African Pied Hornbill,Lophoceros semifasciatus,,David Crist¢bal Huertas,29-12-2023,2023,12,29,648,Ghana,GH-CP,Central,,Kakum NP--headquarters,5.3521859,-1.3915979,,,Unspecified,,,,,,,,,S157387767,,,,,,Lophoceros semifasciatus,afphor2,Species,9450,,0,0,,1059,1415
613725465,Photo,West African Pied Hornbill,Lophoceros semifasciatus,,David Crist¢bal Huertas,29-12-2023,2023,12,29,648,Ghana,GH-CP,Central,,Kakum NP--headquarters,5.3521859,-1.3915979,,,Unspecified,,,,,,,,,S157387767,,,,,,Lophoceros semifasciatus,afphor2,Species,9450,,0,0,,1447,1932
613554634,Photo,West African Pied Hornbill,Lophoceros semifasciatus,,Tony Ducks,07-01-2024,2024,1,7,1204,Ghana,GH-TV,Volta,,Volta Rivier--Atimpoku bridge,6.2398503,0.0953507,,,Unspecified,,,,,,,,,S158967527,,,,,,Lophoceros semifasciatus,afphor2,Species,9450,,0,0,,1315,1972
613554635,Photo,West African Pied Hornbill,Lophoceros semifasciatus,,Tony Ducks,07-01-2024,2024,1,7,1204,Ghana,GH-TV,Volta,,Volta Rivier--Atimpoku bridge,6.2398503,0.0953507,,,Unspecified,,,,,,,,,S158967527,,,,,,Lophoceros semifasciatus,afphor2,Species,9450,,0,0,,2871,1914
613554632,Photo,West African Pied Hornbill,Lophoceros semifasciatus,,Tony Ducks,07-01-2024,2024,1,7,1204,Ghana,GH-TV,Volta,,Volta Rivier--Atimpoku bridge,6.2398503,0.0953507,,,Unspecified,,,,,,,,,S158967527,,,,,,Lophoceros semifasciatus,afphor2,Species,9450,,0,0,,1220,813
613554633,Photo,West African Pied Hornbill,Lophoceros semifasciatus,,Tony Ducks,07-01-2024,2024,1,7,1204,Ghana,GH-TV,Volta,,Volta Rivier--Atimpoku bridge,6.2398503,0.0953507,,,Unspecified,,,,,,,,,S158967527,,,,,,Lophoceros semifasciatus,afphor2,Species,9450,,0,0,,953,1429
613554631,Photo,West African Pied Hornbill,Lophoceros semifasciatus,,Tony Ducks,07-01-2024,2024,1,7,1204,Ghana,GH-TV,Volta,,Volta Rivier--Atimpoku bridge,6.2398503,0.0953507,,,Unspecified,,,,,,,,,S158967527,,,,,,Lophoceros semifasciatus,afphor2,Species,9450,,0,0,,1429,953
613500673,Photo,West African Pied Hornbill,Lophoceros semifasciatus,,Vincent LÇtourneau,04-05-2011,2011,5,4,1708,Guinea,GN-N,"NzÇrÇkorÇ, Gouvernorat de",,"GuinÇe, Mont Yonon Ö l'ouest de Kpaya",7.9943652,-9.0795599,Unknown ? 1,Flying,Unspecified,,,,,,,,,S158812491,,,,,,Lophoceros semifasciatus,afphor2,Species,9450,,2,1,,806,1214
615702963,Photo,White-capped Albatross,Thalassarche cauta,,Jodi Webber,27-01-2024,2024,1,27,548,New Zealand,NZ-CI,Chatham Islands,,"Chatham Islands, The Pyramid -- Offshore",-44.432,-176.2369,,,Unspecified,,,,,,,,,S159916972,,,,,,Thalassarche cauta,whcalb1,Species,6840,,0,0,,1366,2048
615702962,Photo,White-capped Albatross,Thalassarche cauta,,Jodi Webber,27-01-2024,2024,1,27,548,New Zealand,NZ-CI,Chatham Islands,,"Chatham Islands, The Pyramid -- Offshore",-44.432,-176.2369,,,Unspecified,,,,,,,,,S159916972,,,,,,Thalassarche cauta,whcalb1,Species,6840,,0,0,,1366,2048
615702828,Photo,White-capped Albatross,Thalassarche cauta,,Jodi Webber,27-01-2024,2024,1,27,548,New Zealand,NZ-CI,Chatham Islands,,"Chatham Islands, The Pyramid -- Offshore",-44.432,-176.2369,,,Unspecified,,,,,,,,,S159916972,,,,One Shy Albatross (towards the bottom right)on the Pyramid amongst the Chatham Albatross'. ,,Thalassarche cauta,whcalb1,Species,6840,,0,0,,1366,2048
615664701,Photo,White-capped Albatross (steadi),Thalassarche cauta steadi,Ardenna gravis -- Great Shearwater; Thalassarche melanophris melanophris -- Black-browed Albatross (Black-browed); Procellaria aequinoctialis -- White-chinned Petrel,Martin  Flack,11-04-2015,2015,4,11,730,South Africa,ZA-WC,Western Cape,,Cape Town Pelagic--Offshore Trawling Grounds (Do not log harbour/coastal birds here),-34.7009774,18.2894898,,,Unspecified,,,,,,,,,S65007239,,,,,,Thalassarche cauta,whcalb3,Group,6842,,0,0,,3209,4813
615664700,Photo,White-capped Albatross (steadi),Thalassarche cauta steadi,Ardenna gravis -- Great Shearwater; Thalassarche melanophris melanophris -- Black-browed Albatross (Black-browed),Martin  Flack,11-04-2015,2015,4,11,730,South Africa,ZA-WC,Western Cape,,Cape Town Pelagic--Offshore Trawling Grounds (Do not log harbour/coastal birds here),-34.7009774,18.2894898,,,Unspecified,,,,,,,,,S65007239,,,,,,Thalassarche cauta,whcalb3,Group,6842,,0,0,,3211,4816
615664699,Photo,White-capped Albatross (steadi),Thalassarche cauta steadi,Ardenna gravis -- Great Shearwater; Thalassarche melanophris melanophris -- Black-browed Albatross (Black-browed); Procellaria aequinoctialis -- White-chinned Petrel,Martin  Flack,11-04-2015,2015,4,11,730,South Africa,ZA-WC,Western Cape,,Cape Town Pelagic--Offshore Trawling Grounds (Do not log harbour/coastal birds here),-34.7009774,18.2894898,,,Unspecified,,,,,,,,,S65007239,,,,,,Thalassarche cauta,whcalb3,Group,6842,,0,0,,3008,4832
615664698,Photo,White-capped Albatross (steadi),Thalassarche cauta steadi,,Martin  Flack,11-04-2015,2015,4,11,730,South Africa,ZA-WC,Western Cape,,Cape Town Pelagic--Offshore Trawling Grounds (Do not log harbour/coastal birds here),-34.7009774,18.2894898,,,Unspecified,,,,,,,,,S65007239,,,,,,Thalassarche cauta,whcalb3,Group,6842,,0,0,,3386,4638
615664695,Photo,White-capped Albatross (steadi),Thalassarche cauta steadi,Procellaria aequinoctialis -- White-chinned Petrel,Martin  Flack,11-04-2015,2015,4,11,730,South Africa,ZA-WC,Western Cape,,Cape Town Pelagic--Offshore Trawling Grounds (Do not log harbour/coastal birds here),-34.7009774,18.2894898,,,Unspecified,,,,,,,,,S65007239,,,,,,Thalassarche cauta,whcalb3,Group,6842,,0,0,,3107,4489
615664697,Photo,White-capped Albatross (steadi),Thalassarche cauta steadi,Procellaria aequinoctialis -- White-chinned Petrel,Martin  Flack,11-04-2015,2015,4,11,730,South Africa,ZA-WC,Western Cape,,Cape Town Pelagic--Offshore Trawling Grounds (Do not log harbour/coastal birds here),-34.7009774,18.2894898,,,Unspecified,,,,,,,,,S65007239,,,,,,Thalassarche cauta,whcalb3,Group,6842,,0,0,,2995,4752
615664693,Photo,White-capped Albatross (steadi),Thalassarche cauta steadi,,Martin  Flack,11-04-2015,2015,4,11,730,South Africa,ZA-WC,Western Cape,,Cape Town Pelagic--Offshore Trawling Grounds (Do not log harbour/coastal birds here),-34.7009774,18.2894898,,,Unspecified,,,,,,,,,S65007239,,,,,,Thalassarche cauta,whcalb3,Group,6842,,0,0,,2981,4539
615664696,Photo,White-capped Albatross (steadi),Thalassarche cauta steadi,Procellaria aequinoctialis -- White-chinned Petrel; Thalassarche melanophris melanophris -- Black-browed Albatross (Black-browed),Martin  Flack,11-04-2015,2015,4,11,730,South Africa,ZA-WC,Western Cape,,Cape Town Pelagic--Offshore Trawling Grounds (Do not log harbour/coastal birds here),-34.7009774,18.2894898,,,Unspecified,,,,,,,,,S65007239,,,,,,Thalassarche cauta,whcalb3,Group,6842,,0,0,,3217,4657
615664691,Photo,White-capped Albatross (steadi),Thalassarche cauta steadi,,Martin  Flack,11-04-2015,2015,4,11,730,South Africa,ZA-WC,Western Cape,,Cape Town Pelagic--Offshore Trawling Grounds (Do not log harbour/coastal birds here),-34.7009774,18.2894898,,,Unspecified,,,,,,,,,S65007239,,,,,,Thalassarche cauta,whcalb3,Group,6842,,0,0,,2842,4263
615664694,Photo,White-capped Albatross (steadi),Thalassarche cauta steadi,Procellaria aequinoctialis -- White-chinned Petrel,Martin  Flack,11-04-2015,2015,4,11,730,South Africa,ZA-WC,Western Cape,,Cape Town Pelagic--Offshore Trawling Grounds (Do not log harbour/coastal birds here),-34.7009774,18.2894898,,,Unspecified,,,,,,,,,S65007239,,,,,,Thalassarche cauta,whcalb3,Group,6842,,0,0,,2921,4381
615664692,Photo,White-capped Albatross (steadi),Thalassarche cauta steadi,,Martin  Flack,11-04-2015,2015,4,11,730,South Africa,ZA-WC,Western Cape,,Cape Town Pelagic--Offshore Trawling Grounds (Do not log harbour/coastal birds here),-34.7009774,18.2894898,,,Unspecified,,,,,,,,,S65007239,,,,,,Thalassarche cauta,whcalb3,Group,6842,,0,0,,3167,4605
615664690,Photo,White-capped Albatross (steadi),Thalassarche cauta steadi,,Martin  Flack,11-04-2015,2015,4,11,730,South Africa,ZA-WC,Western Cape,,Cape Town Pelagic--Offshore Trawling Grounds (Do not log harbour/coastal birds here),-34.7009774,18.2894898,,,Unspecified,,,,,,,,,S65007239,,,,,,Thalassarche cauta,whcalb3,Group,6842,,0,0,,2638,3953
615664689,Photo,White-capped Albatross (steadi),Thalassarche cauta steadi,,Martin  Flack,11-04-2015,2015,4,11,730,South Africa,ZA-WC,Western Cape,,Cape Town Pelagic--Offshore Trawling Grounds (Do not log harbour/coastal birds here),-34.7009774,18.2894898,,,Unspecified,,,,,,,,,S65007239,,,,,,Thalassarche cauta,whcalb3,Group,6842,,0,0,,2387,3580
615664687,Photo,White-capped Albatross (steadi),Thalassarche cauta steadi,,Martin  Flack,11-04-2015,2015,4,11,730,South Africa,ZA-WC,Western Cape,,Cape Town Pelagic--Offshore Trawling Grounds (Do not log harbour/coastal birds here),-34.7009774,18.2894898,,,Unspecified,,,,,,,,,S65007239,,,,,,Thalassarche cauta,whcalb3,Group,6842,,0,0,,2188,3282
615664688,Photo,White-capped Albatross (steadi),Thalassarche cauta steadi,,Martin  Flack,11-04-2015,2015,4,11,730,South Africa,ZA-WC,Western Cape,,Cape Town Pelagic--Offshore Trawling Grounds (Do not log harbour/coastal birds here),-34.7009774,18.2894898,,,Unspecified,,,,,,,,,S65007239,,,,,,Thalassarche cauta,whcalb3,Group,6842,,0,0,,2365,2620
615663782,Photo,White-capped Albatross,Thalassarche cauta,,S Nightingale,05-03-2024,2024,3,5,1446,New Zealand,NZ-MBH-053,Marlborough,Marlborough District,Cook Strait,-41.2616223,174.4101339,,,Unspecified,,,,,,,,,S163761778,,,,,,Thalassarche cauta,whcalb1,Species,6840,,0,0,,2146,2760
615663781,Photo,White-capped Albatross,Thalassarche cauta,,S Nightingale,05-03-2024,2024,3,5,1446,New Zealand,NZ-MBH-053,Marlborough,Marlborough District,Cook Strait,-41.2616223,174.4101339,,,Unspecified,,,,,,,,,S163761778,,,,,,Thalassarche cauta,whcalb1,Species,6840,,0,0,,1375,1928
615638931,Photo,White-capped Albatross (steadi),Thalassarche cauta steadi,,Lutz Schmechta,05-11-2022,2022,11,5,1913,New Zealand,NZ-STL-073,Southland,Southland District,Stewart Island--Titi Islands Pelagic (general),-46.89398,168.23638,,,Unspecified,,,,,,,,,S163709782,,,,,,Thalassarche cauta,whcalb3,Group,6842,,0,0,,2912,5184
615638930,Photo,White-capped Albatross (steadi),Thalassarche cauta steadi,,Lutz Schmechta,05-11-2022,2022,11,5,1913,New Zealand,NZ-STL-073,Southland,Southland District,Stewart Island--Titi Islands Pelagic (general),-46.89398,168.23638,,,Unspecified,,,,,,,,,S163709782,,,,,,Thalassarche cauta,whcalb3,Group,6842,,0,0,,2912,5184
615638929,Photo,White-capped Albatross (steadi),Thalassarche cauta steadi,,Lutz Schmechta,05-11-2022,2022,11,5,1913,New Zealand,NZ-STL-073,Southland,Southland District,Stewart Island--Titi Islands Pelagic (general),-46.89398,168.23638,,,Unspecified,,,,,,,,,S163709782,,,,,,Thalassarche cauta,whcalb3,Group,6842,,0,0,,2912,5184
615630468,Audio,White-capped Albatross,Thalassarche cauta,,Ting-Wei (??) HUNG (?),04-02-2024,2024,2,4,709,Australia,AU-TAS-TAS,Tasmania,Tasman,Eaglehawk Neck Pelagic Trip,-43.0906763,148.3212687,,,Unspecified,,,,,iPhone se3,,,,S160828530,,,,,2 inshore; 2 offshore; 54 pelagic.,Thalassarche cauta,whcalb1,Species,6840,,0,0,,,
615572546,Photo,White-capped Albatross,Thalassarche cauta,,Duncan Wallace,10-10-2023,2023,10,10,1300,New Zealand,NZ-CAN-054,Canterbury,Kaikoura District,Kiakoura,-42.451152,173.644006,,,Unspecified,,,,,,,,,S163523268,,,,,,Thalassarche cauta,whcalb1,Species,6840,,0,0,,3607,6412
615572547,Photo,White-capped Albatross,Thalassarche cauta,,Duncan Wallace,10-10-2023,2023,10,10,1300,New Zealand,NZ-CAN-054,Canterbury,Kaikoura District,Kiakoura,-42.451152,173.644006,,,Unspecified,,,,,,,,,S163523268,,,,,,Thalassarche cauta,whcalb1,Species,6840,,0,0,,4549,6065
615555170,Photo,White-capped Albatross,Thalassarche cauta,,Ryan Burnett,27-09-2008,2008,9,27,730,Australia,AU-NSW-SHE,New South Wales,Shellharbour,Wollongong Pelagic,-34.7047031,151.2070141,,,Unspecified,,,,,,,,,S34943031,,,,,,Thalassarche cauta,whcalb1,Species,6840,,0,0,,2592,3872
615554575,Photo,White-capped Albatross,Thalassarche cauta,,Ryan Burnett,27-09-2008,2008,9,27,730,Australia,AU-NSW-SHE,New South Wales,Shellharbour,Wollongong Pelagic,-34.7047031,151.2070141,,,Unspecified,,,,,,,,,S34943031,,,,,,Thalassarche cauta,whcalb1,Species,6840,,0,0,,2592,3872
615554493,Photo,White-capped Albatross,Thalassarche cauta,,Ryan Burnett,27-09-2008,2008,9,27,730,Australia,AU-NSW-SHE,New South Wales,Shellharbour,Wollongong Pelagic,-34.7047031,151.2070141,,,Unspecified,,,,,,,,,S34943031,,,,,,Thalassarche cauta,whcalb1,Species,6840,,0,0,,2592,3872
615554463,Photo,White-capped Albatross,Thalassarche cauta,,Ryan Burnett,27-09-2008,2008,9,27,730,Australia,AU-NSW-SHE,New South Wales,Shellharbour,Wollongong Pelagic,-34.7047031,151.2070141,,,Unspecified,,,,,,,,,S34943031,,,,,,Thalassarche cauta,whcalb1,Species,6840,,0,0,,2592,3872
615674261,Audio,African Emerald Cuckoo,Chrysococcyx cupreus,,Kenya Forests Audiomoth Project,10-02-2024,2024,2,10,0,Kenya,KE-700,Rift Valley,,Ol Doinyo Orok,-2.4852747,36.7687941,,,Unspecified,,,,,,,,,S163796099,,,,,,Chrysococcyx cupreus,afecuc1,Species,3295,,4,1,,,
615640804,Audio,African Emerald Cuckoo,Chrysococcyx cupreus,,Kenya Forests Audiomoth Project,26-02-2024,2024,2,26,0,Kenya,KE-700,Rift Valley,,Ol Doinyo Orok,-2.4852747,36.7687941,,,Unspecified,,,,,,,,,S163718283,,,,,,Chrysococcyx cupreus,afecuc1,Species,3295,,0,0,,,
615623212,Photo,African Emerald Cuckoo,Chrysococcyx cupreus,,Peter Alfrey,08-07-2019,2019,7,8,740,Uganda,UG-W,Western,,Bigodi Swamp,0.4047742,30.4055214,,,Unspecified,,,,,,,,,S58413081,,,,,Male and female.,Chrysococcyx cupreus,afecuc1,Species,3295,,0,0,,2280,3333
615623211,Photo,African Emerald Cuckoo,Chrysococcyx cupreus,,Peter Alfrey,08-07-2019,2019,7,8,740,Uganda,UG-W,Western,,Bigodi Swamp,0.4047742,30.4055214,,,Unspecified,,,,,,,,,S58413081,,,,,Male and female.,Chrysococcyx cupreus,afecuc1,Species,3295,,0,0,,1007,1527
615623210,Photo,African Emerald Cuckoo,Chrysococcyx cupreus,,Peter Alfrey,08-07-2019,2019,7,8,740,Uganda,UG-W,Western,,Bigodi Swamp,0.4047742,30.4055214,,,Unspecified,,,,,,,,,S58413081,,,,,Male and female.,Chrysococcyx cupreus,afecuc1,Species,3295,,0,0,,852,1390
615573149,Audio,African Emerald Cuckoo,Chrysococcyx cupreus,,Dale Forbes,10-11-2023,2023,11,10,509,South Africa,ZA-NL,Kwazulu-Natal,,St Lucia--iGwalagwala Trail,-28.3855824,32.407608,,Song,Unspecified,,,,,,,,,S154183620,,,,,,Chrysococcyx cupreus,afecuc1,Species,3295,,5,1,,,
615530077,Photo,African Emerald Cuckoo,Chrysococcyx cupreus,,Preston Whitt,29-02-2024,2024,2,29,814,Kenya,KE-400,Eastern,,Ngare Ndare Forest--Canopy walk,0.1720342,37.3361136,,,Unspecified,,,,,,,,,S163407382,,,,,Immature? Head seems more striped than a female Klaas,Chrysococcyx cupreus,afecuc1,Species,3295,,0,0,,1080,1440
615530078,Photo,African Emerald Cuckoo,Chrysococcyx cupreus,,Preston Whitt,29-02-2024,2024,2,29,814,Kenya,KE-400,Eastern,,Ngare Ndare Forest--Canopy walk,0.1720342,37.3361136,,,Unspecified,,,,,,,,,S163407382,,,,,Immature? Head seems more striped than a female Klaas,Chrysococcyx cupreus,afecuc1,Species,3295,,0,0,,1080,1440
615530079,Photo,African Emerald Cuckoo,Chrysococcyx cupreus,,Preston Whitt,29-02-2024,2024,2,29,814,Kenya,KE-400,Eastern,,Ngare Ndare Forest--Canopy walk,0.1720342,37.3361136,,,Unspecified,,,,,,,,,S163407382,,,,,Immature? Head seems more striped than a female Klaas,Chrysococcyx cupreus,afecuc1,Species,3295,,0,0,,1080,1440
615530076,Photo,African Emerald Cuckoo,Chrysococcyx cupreus,,Preston Whitt,29-02-2024,2024,2,29,814,Kenya,KE-400,Eastern,,Ngare Ndare Forest--Canopy walk,0.1720342,37.3361136,,,Unspecified,,,,,,,,,S163407382,,,,,Immature? Head seems more striped than a female Klaas,Chrysococcyx cupreus,afecuc1,Species,3295,,0,0,,1080,1440
615383491,Audio,African Emerald Cuckoo,Chrysococcyx cupreus,,Dave Rimmer,24-01-2024,2024,1,24,1000,South Africa,ZA-NL,Kwazulu-Natal,,24b Leslie Road,-29.7626614,30.7595848,,,Unspecified,,,,,,,,,S159666251,,,,,,Chrysococcyx cupreus,afecuc1,Species,3295,,5,1,,,
615383490,Audio,African Emerald Cuckoo,Chrysococcyx cupreus,,Dave Rimmer,24-01-2024,2024,1,24,1000,South Africa,ZA-NL,Kwazulu-Natal,,24b Leslie Road,-29.7626614,30.7595848,,,Unspecified,,,,,,,,,S159666251,,,,,,Chrysococcyx cupreus,afecuc1,Species,3295,,4,1,,,
615383487,Photo,African Emerald Cuckoo,Chrysococcyx cupreus,,Dave Rimmer,24-01-2024,2024,1,24,1000,South Africa,ZA-NL,Kwazulu-Natal,,24b Leslie Road,-29.7626614,30.7595848,,,Unspecified,,,,,,,,,S159666251,,,,,,Chrysococcyx cupreus,afecuc1,Species,3295,,4,1,,600,900
615314774,Photo,African Emerald Cuckoo,Chrysococcyx cupreus,,Peter Kavouras,10-02-2024,2024,2,10,613,Ghana,GH-EP,Eastern,,Atewa Range--upland forest & ridge,6.2413908,-0.5536509,,,Unspecified,,,,,,,,,S161101552,,,,,,Chrysococcyx cupreus,afecuc1,Species,3295,,0,0,,1125,1688
615314776,Photo,African Emerald Cuckoo,Chrysococcyx cupreus,,Peter Kavouras,10-02-2024,2024,2,10,613,Ghana,GH-EP,Eastern,,Atewa Range--upland forest & ridge,6.2413908,-0.5536509,,,Unspecified,,,,,,,,,S161101552,,,,,,Chrysococcyx cupreus,afecuc1,Species,3295,,0,0,,1248,1872
615314773,Photo,African Emerald Cuckoo,Chrysococcyx cupreus,,Peter Kavouras,10-02-2024,2024,2,10,613,Ghana,GH-EP,Eastern,,Atewa Range--upland forest & ridge,6.2413908,-0.5536509,,,Unspecified,,,,,,,,,S161101552,,,,,,Chrysococcyx cupreus,afecuc1,Species,3295,,0,0,,988,1482
615314775,Photo,African Emerald Cuckoo,Chrysococcyx cupreus,,Peter Kavouras,10-02-2024,2024,2,10,613,Ghana,GH-EP,Eastern,,Atewa Range--upland forest & ridge,6.2413908,-0.5536509,,,Unspecified,,,,,,,,,S161101552,,,,,,Chrysococcyx cupreus,afecuc1,Species,3295,,0,0,,1180,1770
615293155,Photo,African Emerald Cuckoo (African),Chrysococcyx cupreus cupreus,,Ian Rijsdijk,05-11-2021,2021,11,5,829,South Africa,ZA-WC,Western Cape,,Piesang Valley and Estuary,-34.063461,23.361647,,,Unspecified,,,,,,,,,S162852298,,,,,,Chrysococcyx cupreus,afecuc2,Group,3296,,0,0,,865,865
615240603,Audio,African Emerald Cuckoo,Chrysococcyx cupreus,,Chad Vanden Bosch,24-02-2024,2024,2,24,813,Mozambique,MZ-B,Manica,,New Harvest Farm,-19.0591371,33.7364911,,,Unspecified,,,,,,,,,S162705782,,,,,,Chrysococcyx cupreus,afecuc1,Species,3295,,0,0,,,
615240510,Photo,African Emerald Cuckoo,Chrysococcyx cupreus,,Chad Vanden Bosch,24-02-2024,2024,2,24,813,Mozambique,MZ-B,Manica,,New Harvest Farm,-19.0591371,33.7364911,,,Unspecified,,,,,,,,,S162705782,,,,,,Chrysococcyx cupreus,afecuc1,Species,3295,,0,0,,623,897
615221804,Photo,African Emerald Cuckoo,Chrysococcyx cupreus,,Fikret Ata?alan,24-09-2023,2023,9,24,710,Tanzania,TZ-18,Mwanza,,Wag Hill Lodge,-2.604,32.875,,,Unspecified,,,,,,,,,S150706183,,,,,,Chrysococcyx cupreus,afecuc1,Species,3295,,0,0,,2320,3480
615221805,Photo,African Emerald Cuckoo,Chrysococcyx cupreus,,Fikret Ata?alan,24-09-2023,2023,9,24,710,Tanzania,TZ-18,Mwanza,,Wag Hill Lodge,-2.604,32.875,,,Unspecified,,,,,,,,,S150706183,,,,,,Chrysococcyx cupreus,afecuc1,Species,3295,,0,0,,2373,3560
615209425,Photo,African Emerald Cuckoo (African),Chrysococcyx cupreus cupreus,,Sheryl Gracewski,21-02-2024,2024,2,21,620,Ghana,GH-CP,Central,,"Abrafo Forest Reserve, Central Region, GH",5.3511683,-1.395475,,,Unspecified,,,,,,,,,S162467905,,,,,,Chrysococcyx cupreus,afecuc2,Group,3296,,0,0,,1057,1056
615094420,Audio,African Emerald Cuckoo,Chrysococcyx cupreus,,Charley Herzfeld,20-02-2024,2024,2,20,826,Botswana,BW-NW,North-West,,Drotsky's Cabins,-18.4147578,21.8799738,,,Unspecified,,,,,,,,,S162353043,,,,,Identified by ?pretty georgie? call. Bright green cuckoo with yellow belly.  Recording and photo (by Errol deBeer) to be attached.,Chrysococcyx cupreus,afecuc1,Species,3295,,0,0,,,
615094418,Audio,African Emerald Cuckoo,Chrysococcyx cupreus,,Charley Herzfeld,20-02-2024,2024,2,20,826,Botswana,BW-NW,North-West,,Drotsky's Cabins,-18.4147578,21.8799738,,,Unspecified,,,,,,,,,S162353043,,,,,Identified by ?pretty georgie? call. Bright green cuckoo with yellow belly.  Recording and photo (by Errol deBeer) to be attached.,Chrysococcyx cupreus,afecuc1,Species,3295,,0,0,,,
615043460,Photo,African Emerald Cuckoo,Chrysococcyx cupreus,,RÅdiger Reitz,09-10-2017,2017,10,9,630,Uganda,UG-W,Western,,Bigodi Community Walk,0.4056754,30.4100919,,,Unspecified,,,,,,,,,S162209314,,,,,,Chrysococcyx cupreus,afecuc1,Species,3295,,0,0,,1967,2951
615030217,Photo,African Emerald Cuckoo (African),Chrysococcyx cupreus cupreus,,kwame brown,05-02-2024,2024,2,5,630,Ghana,GH-CP,Central,,Kakum NP--headquarters,5.3521859,-1.3915979,,,Unspecified,,,,,,,,,S162155610,,,,,,Chrysococcyx cupreus,afecuc2,Group,3296,,5,1,,3456,4608
614996940,Photo,African Emerald Cuckoo,Chrysococcyx cupreus,,Gavin Ailes,18-02-2024,2024,2,18,615,Ghana,GH-CP,Central,,Kakum NP--entrance area,5.3504018,-1.3809417,,,Unspecified,,,,,,,,,S162062710,,,,,,Chrysococcyx cupreus,afecuc1,Species,3295,,0,0,,558,744
614920544,Photo,African Emerald Cuckoo,Chrysococcyx cupreus,,Stamatis Zogaris,11-02-2024,2024,2,11,700,Kenya,KE-200,Central,,Mt. Kenya NP--Castle Forest and Lodge,-0.3793113,37.3103573,,,Unspecified,,,,,,,,,S161762814,,,,,,Chrysococcyx cupreus,afecuc1,Species,3295,,0,0,,2921,3841
614515039,Photo,African Emerald Cuckoo,Chrysococcyx cupreus,,Simon Hitchen,25-11-2022,2022,11,25,630,Ghana,GH-EP,Eastern,,Atewa Range--upland forest & ridge,6.2413908,-0.5536509,,,Unspecified,,,,,,,,,S123425063,,,,,,Chrysococcyx cupreus,afecuc1,Species,3295,,0,0,,1506,1491
